percent,stockID,k,r,MSY,S
5,1,622876.6892,0.104467356,84384.27513,0.465970313
25,1,1292091.951,0.221399573,136134.7043,0.655693191
50,1,2241729.3,0.370046879,189108.2271,0.785702429
75,1,4242824.001,0.626701011,328921.0698,0.888216542
95,1,12862976.63,1.280984302,1038090.973,0.965996438
5,2,5860.08093,0.005332511,28.30173186,0.407227117
25,2,11101.05834,0.020739888,116.6508928,0.60080526
50,2,17350.39319,0.055713216,289.3218599,0.736670644
75,2,31329.03651,0.147916184,628.1647544,0.84760972
95,2,87054.90887,0.57632769,1874.069764,0.946814033
5,3,8668.760446,0.047858807,526.7956706,0.402184637
25,3,18512.67376,0.119979189,1150.704246,0.607745502
50,3,30506.65499,0.233962877,1794.775174,0.744240852
75,3,55854.88967,0.442804948,2944.340568,0.858504229
95,3,168979.8696,1.041951,8493.671462,0.954959644
5,4,14660.15918,0.005016418,132.6857177,0.022280487
25,4,37519.46572,0.019942735,444.5628166,0.08056105
50,4,63020.99229,0.053263184,841.5763581,0.150047745
75,4,86672.2941,0.134541595,1266.555026,0.231877605
95,4,110045.3491,0.445701296,1633.512811,0.354317496
5,5,4300.235114,0.057289801,324.7833739,0.152844961
25,5,7562.1759,0.132517263,557.3069703,0.268459446
50,5,11602.70647,0.245385411,724.9076424,0.3732584
75,5,16717.30405,0.441701578,852.5694747,0.475931802
95,5,25386.59268,0.88016957,968.8350238,0.614640812
5,6,3131.752461,0.063128207,228.2360595,0.161616299
25,6,5452.871858,0.150344375,420.445278,0.298998874
50,6,8109.012155,0.271684638,562.665334,0.417573946
75,6,11233.16128,0.472275456,675.0798364,0.528537316
95,6,17187.95541,0.934964883,766.2796786,0.670113541
5,7,115779.4017,0.000356942,15.56839716,0.018254292
25,7,144868.5225,0.00253286,109.5367542,0.083248088
50,7,157785.0546,0.00959106,403.7962624,0.160707125
75,7,176146.8771,0.034000368,1330.506887,0.24802901
95,7,212805.6298,0.187335691,5471.473058,0.373716578
5,8,2397.084659,0.010857562,35.47970269,0.462482372
25,8,5176.191574,0.037897579,116.09673,0.671461941
50,8,8992.797255,0.092428483,219.748775,0.79660534
75,8,17565.82465,0.215010811,412.5452921,0.893114483
95,8,62536.96913,0.602073287,1394.723223,0.968672667
5,9,12586.01535,0.062324527,952.1217993,0.190655502
25,9,22949.39328,0.14804199,1725.312537,0.309644483
50,9,34224.26225,0.26593993,2310.267809,0.421434172
75,9,47234.14238,0.474535485,2820.813813,0.526195163
95,9,72427.73949,0.993223926,3395.207239,0.661153969
5,10,5804.935731,0.526383389,1569.746197,0.223699684
25,10,6548.845602,0.723747745,1650.667071,0.277437624
50,10,7660.234514,0.884594302,1694.765254,0.33204926
75,10,9118.292722,1.057400769,1731.17968,0.400757869
95,10,11956.71976,1.212665402,1758.630846,0.512630128
5,11,21494.41863,0.108947594,2189.569561,0.171317696
25,11,27653.7041,0.205929005,2496.764906,0.295438651
50,11,35947.63969,0.30318177,2713.703624,0.405569362
75,11,49017.08141,0.425803365,2944.334523,0.517202222
95,11,82866.91731,0.621227175,3537.946603,0.651804581
5,12,7819.758296,0.228383515,769.0565169,0.054767356
25,12,8646.65973,0.35586215,980.1050111,0.160262796
50,12,9632.159962,0.463269636,1116.097052,0.261901093
75,12,11003.26826,0.564066484,1219.036348,0.359494514
95,12,13453.02192,0.669854675,1309.800233,0.498506451
5,13,2103.095969,0.232934697,298.6374962,0.284590242
25,13,2503.016521,0.373541627,353.6586194,0.368808452
50,13,3039.693883,0.506700381,386.3147024,0.439869229
75,13,3802.21727,0.653897835,412.4019174,0.522380137
95,13,5275.6764,0.826331066,437.0329236,0.656162964
5,14,13868.94658,0.001183506,29.31973222,0.133253134
25,14,43071.21584,0.006499029,147.9957054,0.302962756
50,14,67582.20108,0.020707208,393.1193247,0.43201002
75,14,92423.06061,0.067389394,768.6489867,0.546954973
95,14,139931.5033,0.315901787,1147.939502,0.690172499
5,15,112620.223,0.102324913,9011.094377,0.057191748
25,15,147914.7917,0.209787807,13004.89374,0.145161908
50,15,192130.7703,0.331936196,15946.83122,0.236539129
75,15,247983.5641,0.502508895,18582.12447,0.328951555
95,15,350158.5134,0.741453193,20875.65506,0.461353692
5,16,29783.0954,0.117504836,2655.663102,0.041027084
25,16,35447.99056,0.220262745,3307.793788,0.151016585
50,16,44799.61007,0.329174499,3686.692109,0.259141846
75,16,60115.77766,0.452519082,4010.655856,0.360963409
95,16,90340.62156,0.582881411,4339.904764,0.503754473
5,17,16710.35034,0.125531601,1605.442172,0.31719596
25,17,20183.63921,0.232755674,1945.223523,0.540601981
50,17,24898.67569,0.345508284,2202.353501,0.689112102
75,17,33159.24497,0.480089317,2471.609063,0.81367668
95,17,65681.74939,0.652050295,2836.858295,0.952907292
5,18,49554.99466,0.001202841,98.79348366,0.050451006
25,18,148274.1797,0.006305964,469.2608057,0.155207538
50,18,230526.0553,0.020454498,1238.26232,0.257611526
75,18,287579.6792,0.065750548,2522.594116,0.359586993
95,18,389124.2987,0.333642158,4164.193615,0.498506769
5,19,18898.61473,0.025892455,634.6326971,0.083186014
25,19,37129.95788,0.072281647,1393.422536,0.153934433
50,19,55957.59323,0.148034064,2084.528858,0.227584323
75,19,75938.84256,0.287547824,2679.830522,0.309567828
95,19,100642.5851,0.68507712,3243.17082,0.433469251
5,20,36690.54211,0.000227561,4.764849995,0.079391559
25,20,60744.04055,0.001596094,33.14333843,0.209835153
50,20,73224.3689,0.006332627,128.5799322,0.331316263
75,20,88870.80051,0.026205938,478.1748586,0.436690792
95,20,119535.2989,0.177820957,1696.719798,0.576774801
5,21,41317.48536,0.000497814,19.82005357,0.505099699
25,21,85045.37996,0.003380123,143.6641898,0.700685293
50,21,140114.7014,0.012728152,525.0580364,0.812843856
75,21,253528.0691,0.046975508,1691.628693,0.895670632
95,21,574985.5672,0.299256719,6727.542353,0.953332769
5,22,5330.180165,0.029413332,316.1484516,0.446665511
25,22,13790.06862,0.082953419,688.4066375,0.645470975
50,22,25664.58318,0.176117819,1029.01464,0.773060819
75,22,47620.37549,0.362307703,1709.270763,0.875600771
95,22,129401.178,0.986527295,4978.396626,0.95490813
5,23,333357.0793,0.0851363,40483.90506,0.337012616
25,23,555346.3123,0.181428452,58146.42727,0.552022022
50,23,915439.4178,0.307341739,68168.60214,0.69254239
75,23,1578119.699,0.51795334,81909.01239,0.821551671
95,23,4348738.771,0.927386613,220138.3807,0.94507005
5,24,753774.3151,0.078129054,65803.91187,0.149235512
25,24,1072874.993,0.170931028,95469.93666,0.298684132
50,24,1522954.138,0.292458996,113062.7432,0.422375421
75,24,2199047.85,0.47396851,127934.1284,0.531864106
95,24,3557650.485,0.758196615,143399.1471,0.680001678
5,25,55976.0097,0.024535496,1311.306199,0.077849526
25,25,76431.89168,0.064582937,2605.239108,0.152978136
50,25,112706.0323,0.130081956,3712.354667,0.243019489
75,25,160085.6645,0.242423415,4668.028576,0.334582705
95,25,221750.0365,0.44977355,6293.625906,0.466859954
5,26,43444.60682,0.025374219,1925.918738,0.150867601
25,26,91292.69469,0.074499085,4174.469246,0.304094374
50,26,149321.9066,0.156943061,6000.203919,0.430503699
75,26,222775.2082,0.312391549,7472.23119,0.544931919
95,26,356917.8306,0.758943044,8620.08318,0.686925474
5,27,48331.30633,0.000529404,15.43313852,0.056300428
25,27,89881.01995,0.003143878,93.9274752,0.14380907
50,27,103866.4306,0.01162518,326.3572456,0.237833653
75,27,121143.6776,0.039366387,941.9664198,0.331941449
95,27,153991.2782,0.213359076,2590.943102,0.467111071
5,28,98873.20053,0.00053519,29.72252761,0.051232347
25,28,159008.7357,0.003250576,178.128859,0.165858137
50,28,186862.2978,0.011586513,595.4841462,0.276694832
75,28,223917.9073,0.040331918,1760.017043,0.385270525
95,28,292476.2724,0.204653542,5074.94107,0.523753255
5,29,429.754084,0.015910189,12.62105826,0.168850699
25,29,995.5115998,0.049470943,30.48185394,0.307960955
50,29,1672.795509,0.111973324,47.82758655,0.426229456
75,29,2440.778054,0.24449652,63.5455502,0.53526747
95,29,3900.993775,0.700121307,79.55020651,0.678031306
5,30,1939.966895,0.01541198,43.68402393,0.072306749
25,30,4046.534399,0.047415631,108.3933776,0.147235613
50,30,6440.05767,0.105896328,172.1794332,0.223298276
75,30,9001.744929,0.223909321,226.8371573,0.307186264
95,30,12014.43157,0.577159715,279.7590855,0.435836684
5,31,400.3626807,0.015876571,12.19620284,0.143157601
25,31,936.9661097,0.049896826,29.81266873,0.298746599
50,31,1595.091268,0.112214602,45.89190176,0.423821168
75,31,2330.517209,0.242446293,58.6887912,0.536083954
95,31,3746.241456,0.649274935,68.38790183,0.675364482
5,32,562.2357218,0.034712505,26.24950528,0.155478076
25,32,1136.837145,0.090706691,54.75758413,0.266534148
50,32,1746.479729,0.176849912,79.52397543,0.365298521
75,32,2401.632994,0.33820046,98.74608045,0.46176879
95,32,3448.804233,0.797551708,113.2642825,0.60663211
5,33,1106.467233,0.034704886,38.97059113,0.153478114
25,33,1739.473968,0.092926291,80.45878694,0.29852151
50,33,2481.001095,0.177781524,114.9301527,0.420293337
75,33,3388.881298,0.322218261,144.0019227,0.52944931
95,33,5209.449636,0.625788287,174.3457902,0.672265383
5,34,14708.73469,0.001438672,19.90805585,0.392639891
25,34,29966.01389,0.007633143,111.190395,0.600212418
50,34,47150.72068,0.024699531,351.0491557,0.733348904
75,34,81809.81627,0.078976992,950.0316918,0.844266528
95,34,215899.4509,0.394380627,2638.792069,0.943524273
5,35,73662.57929,0.001367175,75.47615271,0.092969396
25,35,153653.4066,0.00701413,391.1309194,0.182862236
50,35,187854.8178,0.022046048,1125.254724,0.274346738
75,35,222152.709,0.063858818,2576.295021,0.366742599
95,35,286994.0861,0.267250063,5055.708581,0.497322468
5,36,17836.22786,0.001239673,17.13125109,0.324975659
25,36,31268.51319,0.007089688,98.73733553,0.536330144
50,36,46436.92444,0.023633564,334.2573203,0.680309917
75,36,76397.73497,0.077074921,944.9502652,0.806125239
95,36,203324.2986,0.358741995,2716.700551,0.927048926
5,37,9649.914139,0.001258023,8.959040007,0.045363232
25,37,19193.18996,0.006969806,48.72083965,0.136216978
50,37,23592.69633,0.022408401,142.584556,0.231837906
75,37,27749.47016,0.069554637,351.6798778,0.328047386
95,37,35286.12041,0.297457705,735.801851,0.463827329
5,38,46446.48685,0.001349676,58.18385009,0.070121654
25,38,102919.5592,0.006909636,293.8997957,0.199954167
50,38,136054.6959,0.02259304,854.8568599,0.314838446
75,38,169651.1673,0.071802673,1926.93318,0.424513826
95,38,232028.4766,0.296631974,3475.081972,0.565997865
5,39,12753.27957,0.029343691,625.984435,0.170914192
25,39,27380.52577,0.084061635,1348.890409,0.32100751
50,39,43916.75786,0.169378887,1907.798421,0.443658164
75,39,63991.33701,0.331601573,2327.107089,0.55474507
95,39,104158.9724,0.789420866,2680.225778,0.702100155
5,40,6822.257234,0.005533925,98.57869452,0.40756584
25,40,20974.075,0.023624768,339.511167,0.610529713
50,40,40290.01373,0.063634464,609.2179261,0.73988591
75,40,72730.90639,0.166480046,1003.509201,0.842034373
95,40,155740.5501,0.620774456,2696.053788,0.932285788
5,41,65946.09693,0.000487965,22.7043615,0.051964475
25,41,131138.8741,0.003094313,141.7019664,0.149176879
50,41,155253.1814,0.011304674,483.4300813,0.248925865
75,41,183856.6281,0.040570494,1403.709831,0.343851102
95,41,234932.7948,0.216709182,3596.835422,0.478883152
5,42,25734.36063,0.001769808,38.4304184,0.081525241
25,42,55613.92589,0.009018431,185.4876934,0.160995054
50,42,70435.15898,0.026371912,494.7213807,0.24525703
75,42,82526.37192,0.075201914,1084.385282,0.335453044
95,42,105492.5974,0.31879394,2090.554569,0.467072512
5,43,50212.83713,0.002266036,117.955519,0.035750463
25,43,110061.6214,0.010639682,510.6307614,0.097868732
50,43,157275.783,0.03011388,1220.524921,0.167871916
75,43,186498.2445,0.085029467,2355.208668,0.250549238
95,43,230377.9587,0.352718826,4427.711028,0.37456779
5,44,19531.55782,0.004865284,200.4289879,0.149288046
25,44,54979.96066,0.020741387,705.5155204,0.311222844
50,44,95488.32332,0.054443567,1388.659643,0.438693054
75,44,136192.3467,0.142956121,2029.456584,0.55437712
95,44,214272.0461,0.490810998,2543.084156,0.698328926
5,45,8980.698838,0.064862678,842.8965549,0.318653103
25,45,13996.86268,0.149918332,1280.084295,0.541626634
50,45,22517.42249,0.267140193,1514.339709,0.687442792
75,45,38880.08293,0.451213704,1720.198374,0.812687179
95,45,106321.2507,0.785180961,3727.548473,0.943476692
5,46,5100.681236,0.026582499,224.8827461,0.445258179
25,46,11950.00379,0.077660148,560.6026797,0.650760314
50,46,21406.04055,0.162054399,829.69059,0.777515287
75,46,39679.97555,0.329213111,1290.167612,0.882159213
95,46,127115.9967,0.730717705,3771.860862,0.96233403
5,47,2493.751881,0.027291552,163.2370051,0.3823716
25,47,6586.112407,0.081969569,352.6812098,0.591744265
50,47,12469.24829,0.169664658,474.4940696,0.729115444
75,47,22678.94446,0.348946444,722.7269973,0.843668506
95,47,62985.8716,0.902034978,1867.185227,0.944050033
5,48,15017.02391,0.048683383,1863.965881,0.498259813
25,48,40076.13911,0.125342247,2877.731366,0.699840747
50,48,80160.40711,0.242113077,4053.008748,0.817987898
75,48,165775.4355,0.456638914,7333.65342,0.908206894
95,48,498056.7589,1.104643689,22819.52702,0.971504255
5,49,1240775.577,1.009061107,523515.0333,0.608420671
25,49,1793592.711,1.310004983,695967.4125,0.758549974
50,49,2761238.275,1.561770795,1041054.009,0.860043987
75,49,5517608.568,1.841024311,2047118.76,0.93416142
95,49,22981509.01,2.19581116,8558796.175,0.984791393
5,50,1232430.712,1.016987255,525954.4461,0.608418284
25,50,1812965.031,1.311841652,703075.2034,0.762271779
50,50,2838144.136,1.561433614,1055138.863,0.861334154
75,50,5551034.239,1.835860619,2085341.302,0.93551462
95,50,21968820.41,2.184524045,8442363.849,0.985023905
5,51,1678175.776,0.182463512,221426.1181,0.523494172
25,51,2481860.717,0.337121425,316220.7083,0.721671792
50,51,4019536.48,0.502938613,493859.6211,0.832221732
75,51,8070609.709,0.731822462,947921.8027,0.918664656
95,51,32355860.5,1.249121707,3672949.478,0.979784675
5,52,618767.3288,0.061651313,33452.66741,0.067162295
25,52,908157.5717,0.145685946,60447.44989,0.138181341
50,52,1250417.684,0.255314843,80418.59564,0.216704603
75,52,1648211.005,0.439423436,100233.5104,0.304981332
95,52,2211792.964,0.808830372,125099.2217,0.432502123
5,53,356750.2539,0.038931446,28604.08892,0.411689185
25,53,871363.6635,0.104063518,53249.50263,0.620126661
50,53,1600892.671,0.204316616,74471.83814,0.751123091
75,53,3014473.706,0.404793673,119318.5055,0.858017969
95,53,7980246.538,1.067858299,345744.2146,0.950894425
5,54,180597.2234,0.037976744,15770.38608,0.394158318
25,54,451196.1894,0.102848887,29115.0804,0.608478325
50,54,850026.8333,0.203586163,38525.28919,0.738930781
75,54,1592261.724,0.408649661,60090.51001,0.851787313
95,54,4187218.102,1.022172266,168290.4078,0.947664277
5,55,94870.12856,0.036894811,5554.392316,0.456856174
25,55,144669.9783,0.096412497,9098.267781,0.669119256
50,55,229362.262,0.186114404,11440.33285,0.799654165
75,55,447581.0375,0.345494312,14390.36726,0.897593289
95,55,1570318.424,0.667649976,38579.37887,0.975425385
5,56,149877.3908,0.044170334,16156.06162,0.040641826
25,56,267926.7756,0.111648869,21472.48993,0.092092193
50,56,452179.8814,0.208511342,23632.43237,0.151912706
75,56,772686.7098,0.379339692,25400.78703,0.224422652
95,56,1457242.906,0.743233579,27858.72131,0.344454756
5,57,280889.0103,0.007488497,3913.527771,0.313232892
25,57,544817.2143,0.026688869,11307.97763,0.533624162
50,57,1011202.443,0.063576002,17472.8044,0.681274781
75,57,1749156.021,0.142650129,21977.33984,0.807016516
95,57,4931241.777,0.334807944,37594.08908,0.937126372
5,58,176067.353,0.01530623,2590.992203,0.042946104
25,58,268016.263,0.048240473,6456.814833,0.140289945
50,58,386971.002,0.1000188,9818.654497,0.234452164
75,58,520900.2706,0.197618353,13283.94316,0.332305661
95,58,716393.7282,0.390862888,17212.76164,0.470527244
5,59,21664663.38,1.160782454,8859905.18,0.760245116
25,59,23580789.31,1.384340203,9400035.661,0.788362429
50,59,25742080.58,1.615481636,10026466.77,0.810441888
75,59,30161538.78,1.775273052,10930817.92,0.829063861
95,59,37231295.22,1.99219691,15590001.72,0.875426385
5,60,6829650.774,0.245340049,1126042.984,0.133988478
25,60,8200666.288,0.402090094,1278931.396,0.26634976
50,60,10047186.28,0.546944898,1374044.646,0.379728309
75,60,12701135.65,0.704996547,1445553.496,0.48773065
95,60,18378130.62,0.879530965,1501679.087,0.630227343
5,61,1475117.807,0.220300895,175723.3079,0.103212591
25,61,1656028.459,0.352220998,205296.0924,0.221652557
50,61,1924738.143,0.45802672,220280.4868,0.320950652
75,61,2331031.117,0.556188652,230247.9369,0.422508552
95,61,3161109.483,0.643074392,237110.767,0.559032756
5,62,545949.4721,0.205696249,51663.31827,0.086936324
25,62,594033.7011,0.30526524,58239.38942,0.198833236
50,62,659317.4463,0.375364508,61871.09182,0.307284748
75,62,763138.3481,0.434632687,64546.61553,0.401688987
95,62,1004906.379,0.489042184,66748.07916,0.547818851
5,63,448548.4615,0.090001159,35149.89038,0.128069051
25,63,533304.2525,0.176853207,41487.00654,0.276681076
50,63,669466.0817,0.27322548,46049.11184,0.397420293
75,63,936633.2663,0.389431409,52073.39188,0.506366547
95,63,1574050.868,0.521398439,58542.59812,0.651069399
5,64,600973.9419,0.25530838,111158.63,0.229800905
25,64,729510.7569,0.412985568,120820.3368,0.357503344
50,64,910225.333,0.563823173,128048.4444,0.467923636
75,64,1174593.319,0.735952693,134114.6731,0.575936177
95,64,1784017.074,0.926098276,139775.1428,0.720964321
5,65,314285.0738,0.130316383,27229.22782,0.037827062
25,65,373178.0858,0.237292561,35028.91352,0.098473368
50,65,461828.9501,0.342889365,39589.05888,0.166553291
75,65,590369.5947,0.461141597,43021.98464,0.24725373
95,65,836176.1093,0.579695377,45547.40107,0.37129643
5,66,558051.9443,0.024057949,25707.23899,0.141088406
25,66,1272475.702,0.073565045,57806.38383,0.280796508
50,66,2091053.675,0.150753019,80834.23444,0.393971507
75,66,3154170.638,0.302894734,98554.81501,0.50181343
95,66,5008164.118,0.776787016,113883.5733,0.645318595
5,67,24945.55084,0.25615684,2788.083169,0.11036042
25,67,27389.41616,0.386509711,3344.017275,0.244076857
50,67,30343.85752,0.481671606,3653.943449,0.36891992
75,67,34607.33003,0.566068062,3876.068393,0.478478115
95,67,43471.61727,0.65120982,4061.196905,0.617964766
5,68,1147750.757,0.247648175,265132.4916,0.37750894
25,68,1669303.8,0.42428816,299174.0441,0.589833678
50,68,2443902.738,0.613721518,328374.8544,0.731189765
75,68,3949877.351,0.860980831,468995.4383,0.847144781
95,68,11329782.59,1.317808386,1498556.755,0.955429896
5,69,269766.9604,0.094282464,30830.96397,0.076263176
25,69,388943.8669,0.195143224,39063.18472,0.168061584
50,69,547045.4603,0.31911985,43648.61717,0.262586736
75,69,799018.7915,0.480879987,46758.83021,0.356758741
95,69,1317711.688,0.730827793,49288.29804,0.491853343
5,70,57469.20343,0.018117902,1042.430641,0.051325544
25,70,82900.90662,0.054297489,2275.074755,0.142509918
50,70,118846.2402,0.11031332,3297.837094,0.239185487
75,70,165278.702,0.217677017,4513.771058,0.337437116
95,70,234487.43,0.432713867,6216.930263,0.475127527
5,71,15443.32483,0.03451506,719.202865,0.11411197
25,71,22424.54951,0.089340613,1179.441621,0.294740247
50,71,33237.65426,0.169958345,1440.452419,0.427467838
75,71,52162.57025,0.304514241,1718.07152,0.54312645
95,71,89492.58124,0.552975838,2142.001387,0.679247634
5,72,445934.0926,0.190279332,83941.94909,0.142284581
25,72,647314.2816,0.342665734,102968.3371,0.22233862
50,72,878012.7273,0.512458935,112954.3539,0.304333676
75,72,1203494.83,0.740542265,120620.3247,0.392067654
95,72,1821800.975,1.134952304,127028.4525,0.518298414
5,73,1229402.626,0.673953014,425954.0975,0.280033208
25,73,1441844.934,0.910133672,451007.0569,0.335818419
50,73,1689732.454,1.107151654,466004.6132,0.390264129
75,73,2002967.303,1.318123937,478244.3116,0.459387889
95,73,2569412.142,1.577763,501204.6813,0.570634916
5,74,135375.8013,0.061496571,9737.207156,0.124265752
25,74,235323.4016,0.144660696,16820.6646,0.212995104
50,74,344938.3717,0.251759272,22051.61098,0.299730712
75,74,465262.8538,0.441764884,26406.66812,0.387374303
95,74,667405.2328,0.878748085,29975.83291,0.517829898
5,75,1508877.847,0.083327867,187968.604,0.193132561
25,75,2761258.248,0.18460454,281648.6524,0.332568613
50,75,4272037.395,0.313139928,336884.8773,0.454432297
75,75,6256711.285,0.532491132,378392.6835,0.566669868
95,75,10481016.66,1.04896647,451539.1993,0.708995561
5,76,387651.8339,0.098941494,60511.79992,0.198101817
25,76,616504.6119,0.205370391,72100.45096,0.339135451
50,76,933765.2153,0.339627812,78379.1591,0.459232287
75,76,1446659.865,0.537211843,85035.53714,0.568605525
95,76,2661044.209,0.915254543,97985.91115,0.710620118
5,77,125225.2883,0.117577994,18086.69723,0.408756888
25,77,194495.3224,0.236476768,21902.95318,0.624945033
50,77,325153.9663,0.376558162,27081.24792,0.758035356
75,77,585857.2505,0.582174815,42362.84048,0.865670951
95,77,1888936.912,1.021519218,136617.5221,0.96249391
5,78,198246.2672,0.021391675,14392.93086,0.524140157
25,78,558780.7157,0.061666032,23987.63929,0.710782266
50,78,1241109.156,0.138175265,33994.85441,0.817501929
75,78,2479993.818,0.292012249,56701.12662,0.894946498
95,78,5328078.47,0.794950034,156888.6754,0.96255514
5,79,67120.37926,0.097766352,6842.558577,0.04955444
25,79,92753.95317,0.1940185,8802.786019,0.139978296
50,79,128454.6925,0.311873765,10016.04467,0.236832335
75,79,181112.422,0.474619369,11005.7049,0.337571206
95,79,280350.743,0.708091224,11881.83782,0.471071294
5,80,10049.42535,0.134165533,1367.191053,0.188016936
25,80,13761.35995,0.257673358,1628.483117,0.295709672
50,80,18804.22954,0.386014511,1810.904374,0.402397946
75,80,26101.47522,0.567210334,1984.473551,0.501097361
95,80,43575.82665,0.843318691,2324.566197,0.634259847
5,81,222240.566,0.09571142,27874.35057,0.166172298
25,81,366491.3953,0.200858134,37997.61616,0.263568202
50,81,533949.5638,0.330709481,44415.90265,0.349077449
75,81,774903.4002,0.546567111,51283.68207,0.440584327
95,81,1232971.179,1.047751458,60890.96395,0.570578225
5,82,834953.9911,0.01300897,20329.66653,0.11872254
25,82,1958232.154,0.042781939,52493.09729,0.241051624
50,82,3222920.761,0.101244539,82959.07196,0.345586309
75,82,4804982.427,0.220137482,110219.5273,0.44802716
95,82,7268058.856,0.64399549,137592.7964,0.589235777
5,83,823565.2985,0.01476083,32417.86014,0.387684402
25,83,2281840.246,0.049986278,74105.5826,0.602179606
50,83,4455793.816,0.11375931,114773.1201,0.740370945
75,83,8224405.216,0.260931329,185247.8337,0.845252298
95,83,18937783.87,0.797190837,481147.2344,0.938954585
5,84,4827703.004,0.229702094,955354.8419,0.243255952
25,84,7013200.31,0.384230091,1134237.774,0.326644389
50,84,9156891.072,0.552506758,1259437.499,0.391603212
75,84,12093254.2,0.781654234,1386059.266,0.466097006
95,84,17809927.24,1.243802341,1583638.056,0.588237327
5,85,2112395.781,0.078206529,220969.8621,0.175298189
25,85,3697312.429,0.173648477,325200.4412,0.274845785
50,85,5355522.393,0.289681081,389059.6096,0.353605301
75,85,7648751.824,0.471283239,443129.6645,0.444884467
95,85,12146519.45,0.926993929,512668.5068,0.578698694
5,86,160756.8719,0.009699518,1625.40427,0.081222648
25,86,290106.9103,0.034845784,4989.363613,0.165032283
50,86,428316.509,0.081551303,8849.584772,0.251811106
75,86,550880.9389,0.179276256,13212.57027,0.345624183
95,86,728367.1052,0.466314484,18751.72274,0.474430809
5,87,73491.22919,0.084142975,11114.45987,0.404024181
25,87,140199.3738,0.187425599,13758.50744,0.609128169
50,87,251035.5778,0.323464521,17504.27161,0.74732532
75,87,479327.2346,0.558652486,28292.19072,0.860845073
95,87,1467559.89,1.074591644,88020.44268,0.958322561
5,88,91025.00348,0.078589127,9356.838131,0.197866922
25,88,161479.2212,0.172417601,14456.25011,0.308671843
50,88,238750.9482,0.298197038,17940.77399,0.403953186
75,88,339743.9609,0.504652159,20945.60148,0.500333485
95,88,528597.3183,1.014473488,25343.35213,0.636361521
5,89,307823.616,0.106603758,53077.45717,0.5279805
25,89,652660.4838,0.225990246,70446.83737,0.720107114
50,89,1242687.411,0.38051927,102177.4139,0.82989742
75,89,2539017.896,0.640023749,186217.8421,0.914862624
95,89,8016301.421,1.269545258,619115.2701,0.975588742
5,90,28295.7094,0.003355221,53.22941798,0.033523988
25,90,42801.04311,0.013824121,212.0640431,0.118181778
50,90,52207.67313,0.039207561,544.9776019,0.206088003
75,90,60301.87301,0.103981328,1147.462249,0.296613402
95,90,75883.60541,0.349407608,2470.624042,0.431967558
5,91,35467.05397,0.001824673,92.61430392,0.356029124
25,91,96864.43361,0.009658986,488.9431762,0.563642217
50,91,151428.3516,0.030752063,1353.631003,0.70282276
75,91,252883.9046,0.093596665,2926.844456,0.819858699
95,91,568003.7634,0.439091744,7337.283716,0.921151159
5,92,125349.8133,0.036984651,10230.30991,0.497265572
25,92,318428.2138,0.103863998,18539.62323,0.69504377
50,92,611528.2134,0.202414814,27240.90432,0.809755948
75,92,1184322.775,0.403568106,46247.00783,0.895688932
95,92,2953927.106,0.965133183,129244.237,0.9615151
5,93,23434.56012,0.038840961,1599.363566,0.586206885
25,93,57556.15771,0.105946338,3199.834814,0.759153078
50,93,109192.3386,0.213852087,5189.101993,0.856881615
75,93,219100.3171,0.416868758,9623.295759,0.923274246
95,93,508650.5243,1.030704071,27022.75109,0.970127563
5,94,238835.7087,0.006618955,1274.493148,0.091702774
25,94,351542.3498,0.025865923,4178.089691,0.253059514
50,94,481424.7143,0.063032034,8133.600938,0.38104821
75,94,624303.0888,0.153496636,13663.7184,0.499542533
95,94,916403.9093,0.421100619,25144.63337,0.642043286
5,95,82939.35938,0.000494035,40.82991564,0.428793396
25,95,187474.0342,0.003194685,282.3924296,0.639157792
50,95,298069.3844,0.011993768,1064.051173,0.764275505
75,95,495437.1863,0.044541567,3254.179791,0.857986349
95,95,998351.3392,0.27350296,10194.53806,0.929437194
5,96,59681.58372,0.001168637,99.87420735,0.140285091
25,96,154414.2753,0.006317161,483.9530376,0.316670651
50,96,231352.241,0.020655915,1336.065583,0.446161576
75,96,313622.2834,0.063447099,2625.093782,0.564108405
95,96,495503.3604,0.264861335,4431.666902,0.712423422
5,97,353014.5013,0.016415668,14010.38123,0.378353654
25,97,923289.0892,0.05430144,35041.35546,0.586638984
50,97,1755850.139,0.124251987,49845.42618,0.717569957
75,97,3142093.14,0.274068676,77298.9142,0.836402572
95,97,8357198.848,0.815824834,211413.3988,0.939021222
5,98,793690.6451,0.141301179,165903.2478,0.364982423
25,98,1457918.665,0.27371921,196566.6831,0.570875224
50,98,2405744.908,0.446304271,230731.9663,0.705510608
75,98,4168883.172,0.703034435,339956.6493,0.825420365
95,98,11996349.34,1.28676689,1017529.848,0.949251418
5,99,222908.9263,0.16707438,45239.76629,0.189704643
25,99,356520.5603,0.308215443,54340.50471,0.297621866
50,99,505915.7549,0.465805736,58841.5755,0.391989641
75,99,715322.5429,0.705484412,62688.68314,0.484511341
95,99,1132272.149,1.208384983,73415.9146,0.617679259
5,100,194600.0136,0.001297491,360.6862215,0.422162154
25,100,546633.7096,0.00739336,2038.294474,0.625415217
50,100,878695.7839,0.02499293,6321.549475,0.751398605
75,100,1503538.45,0.077840158,14330.35491,0.852519317
95,100,3076505.238,0.419327141,41329.16263,0.927876452
5,101,1177267.885,0.00114179,987.4747639,0.138987056
25,101,1733085.472,0.006125795,5153.134043,0.322637192
50,101,2398860.624,0.019909378,13555.79721,0.449416376
75,101,3239840.635,0.062947561,28485.89293,0.567850874
95,101,4956290.656,0.238912744,70389.38417,0.713784151
5,102,11884.69072,0.000241138,1.984242955,0.109747108
25,102,22835.79913,0.001685452,14.27666537,0.280833089
50,102,28845.16102,0.006707029,54.96755121,0.406547352
75,102,36785.26614,0.025670466,180.0177418,0.521807269
95,102,52948.553,0.161718576,507.0227579,0.665560087
5,103,13659.0046,0.000232963,2.361599536,0.132980383
25,103,27026.16043,0.001652971,17.22828253,0.300026917
50,103,34611.80353,0.006536892,64.68492106,0.431090378
75,103,44698.4389,0.025543291,209.5977319,0.549810584
95,103,67435.62686,0.173696441,612.0960621,0.695985383
5,104,211976.9037,0.024387887,6774.654203,0.341095993
25,104,292862.1169,0.066616575,11757.9703,0.557021507
50,104,448538.3825,0.130141068,14880.99018,0.708497399
75,104,789730.8578,0.227892135,18262.80239,0.840527401
95,104,2235793.336,0.382435768,46606.85273,0.955760526
5,105,241136.181,0.0049247,1604.141037,0.044004033
25,105,515440.7325,0.021101762,5763.640795,0.116904296
50,105,817994.963,0.054196021,11282.37876,0.195572625
75,105,1061619.742,0.135785079,17540.38305,0.284106461
95,105,1375235.017,0.412745048,24880.23256,0.409412396
5,106,560976.6373,0.045947156,19323.23888,0.127248094
25,106,691824.7425,0.106239603,32792.59148,0.284631926
50,106,892179.1465,0.187525453,42708.96314,0.413428339
75,106,1210669.585,0.29695334,51655.61653,0.529670612
95,106,1864961.444,0.431868859,60679.24637,0.673759367
5,107,153137.4112,0.043930208,3716.940531,0.022959437
25,107,183880.4008,0.100596529,6708.268241,0.096821201
50,107,220866.1558,0.16925747,9339.568354,0.18022214
75,107,267664.6683,0.255872798,11762.49814,0.266026794
95,107,338472.3759,0.363786394,13927.32664,0.394400097
5,108,460785.7063,0.02586984,6013.492998,0.016193335
25,108,552533.9591,0.066172633,12881.62381,0.075753361
50,108,656714.665,0.117662001,19298.80707,0.145916757
75,108,777174.6193,0.184011123,25413.74379,0.226375189
95,108,941168.306,0.269592572,31050.04954,0.349893023
5,109,6184296.002,0.088695286,765686.6147,0.119552022
25,109,10290516.9,0.181391322,992171.9833,0.191856384
50,109,15057839.94,0.290453256,1094935.882,0.25257379
75,109,21856518.3,0.451093847,1162468.679,0.32193634
95,109,34748199.18,0.801995997,1244521.808,0.433298152
5,110,868834.4588,0.093691401,63786.59315,0.149746129
25,110,1066205.572,0.18905109,86490.59463,0.273126588
50,110,1347170.053,0.306342249,103663.8767,0.384202913
75,110,1813702.816,0.457327488,122015.8045,0.49021944
95,110,2778944.275,0.645186053,140230.5481,0.628153187
5,111,1087645.148,0.008086763,12109.02024,0.072730926
25,111,2360072.587,0.02879855,36905.37065,0.149418197
50,111,3740165.452,0.070739006,67082.80861,0.228019594
75,111,5035065.452,0.160430795,95862.73241,0.313759145
95,111,6537969.357,0.470858569,128186.304,0.439767704
5,112,75637.92443,0.103788005,9964.911079,0.49593948
25,112,154662.0656,0.224130273,16135.82428,0.693502654
50,112,277996.5309,0.378190576,24331.91829,0.810446565
75,112,542039.7533,0.648448509,44321.11491,0.902531319
95,112,1698344.335,1.332065125,139243.2931,0.970016708
5,113,196391.8513,0.017151941,5929.411511,0.336261424
25,113,488906.2607,0.055156573,15914.30013,0.543283402
50,113,843691.8496,0.123051492,26463.87778,0.682832188
75,113,1422157.018,0.276302501,40361.10384,0.802548847
95,113,3558580.205,0.830920447,100455.3242,0.923566297
5,114,461288.8484,0.000648831,205.1572928,0.018931662
25,114,778849.8499,0.004063298,1190.216064,0.084220539
50,114,1006099.539,0.013521505,3576.236513,0.164606056
75,114,1146778.641,0.045765823,8989.551476,0.251274912
95,114,1396688.063,0.174655342,20141.63993,0.377921889
5,115,54081.90228,0.033124519,1701.511573,0.015502528
25,115,79793.95776,0.088782205,3387.743764,0.058800877
50,115,112317.3946,0.170713851,4806.426977,0.114758248
75,115,151989.8582,0.322985983,6443.46291,0.184236899
95,115,205020.9071,0.636987251,8612.370532,0.302441677
5,116,179338.7666,0.037937905,11933.30859,0.462062952
25,116,303554.8302,0.098615836,19981.82446,0.67291658
50,116,554974.0005,0.194208642,25697.20606,0.800147573
75,116,1154082.683,0.36214396,36044.74396,0.899104184
95,116,3790227.789,0.766209821,115919.9902,0.971360806
5,117,13979.66333,0.177452962,2577.350797,0.128432877
25,117,20542.37178,0.305933,3004.758682,0.189690728
50,117,28503.2793,0.45229394,3215.260322,0.243252429
75,117,39180.03337,0.65542407,3374.094563,0.306074366
95,117,58317.94913,1.02386236,3576.992701,0.422963963
5,118,NA,NA,NA,NA
25,118,NA,NA,NA,NA
50,118,NA,NA,NA,NA
75,118,NA,NA,NA,NA
95,118,NA,NA,NA,NA
5,119,240231.464,0.03406649,13068.52537,0.377912926
25,119,369361.4621,0.094618531,21938.48124,0.598493716
50,119,554035.0597,0.181802944,27405.10989,0.739507417
75,119,988481.0038,0.33013451,33678.05881,0.857315458
95,119,2984266.017,0.628222176,60793.23874,0.962654793
5,120,68052.44501,0.037139348,4805.731744,0.377217337
25,120,123632.4458,0.09894188,8245.354974,0.592739702
50,120,225336.2335,0.195757602,10337.27501,0.731562729
75,120,422513.7535,0.375251502,13978.56784,0.853579405
95,120,1281047.872,0.799132556,41710.02724,0.955227904
5,121,24695.22343,0.031787341,761.4540793,0.087745313
25,121,33906.68747,0.085688386,1395.297351,0.211132907
50,121,46176.35129,0.162968381,1887.243755,0.324960115
75,121,64184.02346,0.287824265,2439.827856,0.43569555
95,121,97329.80467,0.513637481,3171.098087,0.580866518
5,122,400176.5211,0.032738326,12619.4062,0.350048472
25,122,504964.6347,0.087269082,20980.88712,0.56870387
50,122,651575.9449,0.166021488,29202.21139,0.715359836
75,122,1092275.695,0.288632257,41984.16922,0.842509086
95,122,3424515.363,0.501203954,105547.8991,0.955932482
5,123,101136.8468,0.035677531,5165.173287,0.112512463
25,123,167900.0961,0.093539524,8875.662181,0.253114826
50,123,253052.9627,0.179162236,11448.1978,0.374922465
75,123,371590.6028,0.337282835,14166.99872,0.484960237
95,123,606767.9729,0.680464846,17217.40195,0.627518271
5,124,179626.2845,0.012540357,5425.959716,0.426787945
25,124,516056.6053,0.046360115,14609.63725,0.637689367
50,124,978327.5264,0.107942768,24841.68297,0.759245782
75,124,1750665.59,0.254263576,40926.44751,0.860316518
95,124,3916667.239,0.820464398,117300.6458,0.944984803
5,125,154503.1642,0.033408202,5000.123361,0.066458725
25,125,207776.999,0.084641396,8747.429303,0.155911564
50,125,286523.2187,0.160972374,11550.74268,0.248597388
75,125,409642.5033,0.282847865,14698.21446,0.345402244
95,125,607063.9006,0.499509876,19295.92736,0.47652933
5,126,65830.9476,0.065340405,7554.22909,0.372276089
25,126,105214.4842,0.151969028,9238.908506,0.598942428
50,126,170286.7766,0.268571679,10606.8379,0.740084493
75,126,320322.8867,0.4535487,13526.79267,0.860175078
95,126,963296.0883,0.803158443,41049.01656,0.958557479
5,127,146916.7354,0.014944305,4071.826105,0.116731956
25,127,338791.5441,0.047474522,9856.304407,0.235175058
50,127,557257.6012,0.104686942,14860.38695,0.335908697
75,127,819049.877,0.216114726,18631.05348,0.434779773
95,127,1200993.378,0.56532301,21280.44407,0.573925264
5,128,15874.89555,0.017820262,816.92946,0.466914787
25,128,30868.61633,0.05416102,1361.106066,0.672285404
50,128,66336.5358,0.11784546,1761.964185,0.796223172
75,128,146126.7937,0.251820783,2542.548967,0.893218327
95,128,437244.6862,0.588641277,7621.104225,0.967192336
5,129,57694.22405,0.062071914,2886.473543,0.060349377
25,129,76839.9747,0.143759534,4786.70807,0.195580078
50,129,100500.8331,0.249899492,6274.690336,0.311702009
75,129,131662.5231,0.415857447,7984.703109,0.42288112
95,129,186734.7308,0.681215417,9825.852722,0.557391721
5,130,45337.12186,0.032664906,1938.068186,0.038226798
25,130,79743.82756,0.090847814,3913.692826,0.089263868
50,130,120974.2165,0.178182835,5400.881897,0.154343033
75,130,170591.5281,0.335171373,6683.30058,0.230294366
95,130,239682.658,0.696484373,7895.019072,0.357438921
5,131,16696.1415,0.096780122,1725.508335,0.075009864
25,131,24235.28801,0.196342657,2302.102141,0.131585969
50,131,33626.47096,0.31700132,2665.105761,0.198246708
75,131,46911.79951,0.486161717,2945.63625,0.280615341
95,131,71094.15107,0.762575796,3183.018236,0.401585483
5,132,52601.18908,0.0995525,3448.943652,0.048827854
25,132,65843.95986,0.200033991,5074.292859,0.172212535
50,132,81332.45249,0.318805406,6481.154723,0.284833572
75,132,101160.9278,0.484322005,7971.789769,0.396062842
95,132,138036.1104,0.721827044,9492.239942,0.532046888
5,133,22778.79505,0.015698363,392.8425827,0.059184742
25,133,38967.81817,0.050762161,1035.743791,0.149941199
50,133,59230.36539,0.114595934,1720.175573,0.246252672
75,133,79161.08006,0.247104478,2434.007791,0.344045945
95,133,107324.314,0.604345009,3440.413071,0.479667317
5,134,20599.95477,0.033078176,969.3850627,0.024051056
25,134,32242.38932,0.089762359,1698.722659,0.069303765
50,134,49719.43295,0.17282973,2147.001054,0.129562566
75,134,75647.90306,0.317066117,2554.469697,0.202157639
95,134,117190.7306,0.609071414,3136.710851,0.320360048
5,135,106071.1191,0.032733546,3482.132321,0.015465697
25,135,156019.712,0.087719694,6579.280279,0.059749815
50,135,219538.3965,0.166468027,9137.117315,0.116855283
75,135,298670.1384,0.302451885,11797.44225,0.188044911
95,135,420444.3196,0.536338381,14222.50255,0.301656186
5,136,204750.0129,0.084387846,10171.93393,0.009468742
25,136,233004.2522,0.162132948,13913.05295,0.04666431
50,136,275411.6824,0.239832623,16512.10033,0.097528478
75,136,343262.9352,0.32238891,18779.49646,0.164489953
95,136,481447.4508,0.402531708,20604.59308,0.278631369
5,137,60684.08397,0.097976343,6629.215981,0.062506258
25,137,86563.39475,0.198357122,8645.984463,0.141027395
50,137,122605.8308,0.323980765,9931.523755,0.225642471
75,137,174405.3071,0.510715021,11052.36172,0.31868508
95,137,270784.6116,0.794931311,12059.9194,0.45259453
5,138,25220.51429,0.048081509,3277.078731,0.430509798
25,138,56009.98244,0.120851783,4460.908913,0.6386547
50,138,111212.5399,0.223580486,5195.927482,0.773983935
75,138,226751.3089,0.415380211,7968.965506,0.876857471
95,138,655391.7079,0.901367515,22321.94969,0.961299064
5,139,6001.088981,0.001470803,8.33037316,0.053555166
25,139,12798.45659,0.007614139,40.48113069,0.173323854
50,139,17210.01439,0.023600376,110.5258206,0.284375938
75,139,21131.84473,0.071377242,237.1784942,0.387817659
95,139,28641.07305,0.302413892,453.2208103,0.52533126
5,140,3317.4773,0.018667016,175.5973178,0.39813094
25,140,7548.519504,0.059572373,360.9186585,0.610304452
50,140,15787.75422,0.128296274,460.8818721,0.743958129
75,140,31293.49909,0.276271898,623.7933182,0.854565875
95,140,79499.47543,0.706102381,1710.219884,0.951074195
5,141,196.0920212,0.082363714,25.89409473,0.334506829
25,141,392.6910452,0.189067744,40.42583126,0.542106824
50,141,657.4254221,0.328818667,50.44376873,0.682957914
75,141,1150.427816,0.571398756,70.64868379,0.811140696
95,141,3154.212208,1.187627043,187.4928281,0.937521868
5,142,15147.08916,0.056402019,1728.583015,0.396312443
25,142,24828.55708,0.13204193,2209.893577,0.609125121
50,142,41175.23069,0.233126223,2428.668421,0.749052539
75,142,77478.99016,0.397918565,2622.651795,0.864978944
95,142,238003.1363,0.69532259,5750.473468,0.963789884
5,143,38075.98046,0.001116228,42.47801222,0.026302949
25,143,81140.07715,0.006095237,217.0635786,0.116732098
50,143,115355.6873,0.019535548,582.5283911,0.20769006
75,143,137413.7366,0.060113816,1236.877378,0.301329312
95,143,175288.3715,0.239577747,2287.398929,0.439524841
5,144,24672.02482,0.068013891,2701.325782,0.051085871
25,144,37717.13421,0.151655586,3403.763953,0.145977928
50,144,57826.17441,0.260481635,3765.372301,0.240313254
75,144,89846.15744,0.428395027,4039.370958,0.335774055
95,144,159007.3727,0.691299092,4263.937081,0.474992837
5,145,274.5367006,0.072588238,26.03965122,0.450030784
25,145,540.8981308,0.170167405,45.53982572,0.651088861
50,145,958.5287748,0.302462822,69.72968736,0.779044996
75,145,1841.074569,0.541992385,120.8328297,0.88484517
95,145,6507.653537,1.17178673,400.200997,0.968538528
5,146,16414.73524,0.057847524,810.6603527,0.045582701
25,146,21242.30559,0.127360708,1222.197044,0.156113385
50,146,28186.73411,0.214529864,1513.395501,0.261192015
75,146,38244.2884,0.335068692,1778.971503,0.363554159
95,146,57045.3291,0.486374212,1995.968964,0.501101035
5,147,12985.4447,0.059789157,793.321351,0.017381508
25,147,18237.63089,0.136466842,1191.314341,0.075540662
50,147,25080.18714,0.232930803,1460.526946,0.144344032
75,147,34867.63849,0.36977327,1686.167569,0.224343209
95,147,53028.57011,0.57716992,1873.701935,0.345829764
5,148,7801.510368,0.034843243,535.7757706,0.153106744
25,148,13392.90534,0.093007324,834.1352664,0.306489097
50,148,22613.97258,0.177077066,1020.746517,0.431105669
75,148,36807.67917,0.338603927,1178.237607,0.546756266
95,148,68142.00275,0.686591718,1409.144225,0.691984385
5,149,27037.66132,0.006891974,277.4061712,0.293864588
25,149,55901.23624,0.026420146,980.2982252,0.524675481
50,149,96409.65575,0.067851976,1854.279819,0.666598969
75,149,163639.2427,0.164655442,2748.12526,0.794680595
95,149,423364.3734,0.478769253,4984.068811,0.927779646
5,150,1416041.726,0.033526151,92587.50317,0.158012301
25,150,2951344.378,0.090610744,168489.5578,0.279389549
50,150,4810168.651,0.178468955,217375.6958,0.38711511
75,150,7507249.082,0.337847257,253970.5571,0.491938764
95,150,11973945.79,0.769900851,284422.2848,0.633273958
5,151,133955.1715,0.001888601,396.6054507,0.10640642
25,151,337700.1524,0.009649134,1797.031523,0.261449271
50,151,537420.5591,0.028318764,4156.550556,0.387158902
75,151,732426.3328,0.083364361,7402.331266,0.500508857
95,151,1093628.214,0.345098701,11604.65767,0.646554088
5,152,33904.3756,0.00070565,20.98388762,0.087262741
25,152,76584.45728,0.004324822,129.5322452,0.254152018
50,152,98099.27018,0.014781725,403.0365107,0.377500206
75,152,124802.9924,0.048307628,1036.764767,0.493596971
95,152,178594.9834,0.252790369,2183.337138,0.637886392
5,153,113432.2575,0.009377632,878.1728733,0.039046405
25,153,173927.009,0.032123789,2550.464809,0.146133673
50,153,237554.6355,0.076210514,4620.416389,0.248586774
75,153,304975.0682,0.163692461,7142.268523,0.349415746
95,153,406021.1655,0.386250284,10954.12262,0.489149995
5,154,338.0892978,0.081321231,27.41163905,0.157405123
25,154,524.7188394,0.179651374,45.40637879,0.306736893
50,154,732.5138914,0.311557645,58.97581501,0.424999958
75,154,1020.741346,0.522632332,71.78914808,0.53758556
95,154,1599.937333,0.963060571,84.98472191,0.683741732
5,155,1068.862628,0.070995974,68.34532132,0.087455819
25,155,1358.004778,0.146274494,91.63338135,0.238487687
50,155,1797.756412,0.228724763,103.4833171,0.359881654
75,155,2470.034265,0.330115506,112.5056139,0.469439986
95,155,3988.834435,0.447575692,119.713306,0.613785316
5,156,24597.96062,0.021360338,952.6408975,0.059092085
25,156,42003.76763,0.062674127,1730.492566,0.163185686
50,156,68913.14171,0.124483076,2156.793207,0.270024075
75,156,110247.5812,0.236024649,2480.443318,0.371874964
95,156,180269.244,0.459042645,2823.870807,0.506968716
5,157,1679.729123,0.012272263,22.6367898,0.097883194
25,157,3278.717564,0.0422207,67.89328077,0.216719776
50,157,4859.071169,0.09624931,122.4155079,0.326075854
75,157,6320.318892,0.214192283,179.542526,0.432431348
95,157,8830.255275,0.573932524,241.8291939,0.572687876
5,158,4296.026704,0.178594765,755.8275204,0.412365273
25,158,6013.258144,0.324029949,863.1620932,0.629866813
50,158,8497.467329,0.484200539,956.9816241,0.769948348
75,158,13379.5565,0.706379809,1161.744975,0.881813891
95,158,43752.26713,1.047822737,4407.563321,0.971723743
5,159,6080.691845,0.012893894,140.4733706,0.045026056
25,159,13084.62383,0.043755813,364.0991207,0.14175597
50,159,22519.27229,0.098161776,557.6573835,0.240158181
75,159,32835.09407,0.217080201,714.5262621,0.339737019
95,159,45905.12129,0.568739972,863.8661363,0.472279135
5,160,NA,NA,NA,NA
25,160,NA,NA,NA,NA
50,160,NA,NA,NA,NA
75,160,NA,NA,NA,NA
95,160,NA,NA,NA,NA
5,161,4092.161691,0.015152718,153.1937168,0.488739095
25,161,10761.43266,0.049987645,363.2595791,0.685154732
50,161,21749.4818,0.115019331,537.2886759,0.802211232
75,161,43348.47213,0.253692285,938.4187293,0.890976192
95,161,111949.8328,0.729650623,2908.161358,0.96187733
5,162,4203.08372,0.047037717,172.1653486,0.083431489
25,162,5791.801899,0.113862111,293.2224295,0.218467028
50,162,7691.865881,0.203949432,393.0650141,0.338476398
75,162,10184.09495,0.340666442,493.57416,0.448190084
95,162,14678.12754,0.561339123,590.0709866,0.591445714
5,163,1680.186859,0.008230566,20.14479337,0.117113184
25,163,3511.277686,0.030938351,65.1264972,0.274291841
50,163,5777.549002,0.073713494,112.7593461,0.398193904
75,163,8098.936882,0.17830143,160.2688587,0.508250342
95,163,12229.60677,0.49188631,207.3790357,0.649978205
5,164,18112.69842,0.146807915,1640.222387,0.041587523
25,164,20889.59363,0.256508543,2042.299551,0.105836227
50,164,25297.02895,0.360188677,2277.925849,0.182876084
75,164,31847.66521,0.469924101,2454.130877,0.265793352
95,164,44663.471,0.568691456,2575.134209,0.397323588
5,165,14172.90672,0.16127476,1971.224303,0.101428548
25,165,18412.0946,0.278749119,2274.585795,0.149511164
50,165,24223.20886,0.412605486,2499.095384,0.195109749
75,165,32620.82549,0.598730309,2755.969763,0.258046963
95,165,48911.75837,0.865575848,3066.931303,0.363177325
5,166,2293.630335,0.044345446,157.6159718,0.155417025
25,166,4291.365908,0.109589767,277.120797,0.279196052
50,166,6877.423646,0.206916632,359.6697246,0.37298099
75,166,10031.63434,0.380045361,417.2910183,0.475290921
95,166,15516.2406,0.796158757,480.3260037,0.613009183
5,167,7119.440625,0.001983209,11.95610503,0.068889233
25,167,13745.26817,0.009951584,55.60178787,0.171690068
50,167,18577.90591,0.030030191,149.390266,0.272536916
75,167,22537.99613,0.088317358,312.3389171,0.37026991
95,167,29350.94716,0.352431261,626.539042,0.503635468
5,168,250036.6763,0.256370297,31733.80346,0.137862638
25,168,275115.3089,0.396564972,36290.98842,0.313384852
50,168,310597.5195,0.497494702,38640.05977,0.441243702
75,168,365731.0554,0.585313411,40260.77756,0.558868063
95,168,493419.2649,0.663416003,41461.67374,0.706499638
5,169,157534.0852,0.006216567,3028.902019,0.360780179
25,169,460655.7159,0.025147765,9648.920307,0.569626092
50,169,967154.1441,0.064221811,15401.97322,0.705437852
75,169,1725714.827,0.164090705,19942.6045,0.820039696
95,169,3593827.749,0.560381504,44141.03377,0.925501248
5,170,831.4477065,0.039981774,70.20785408,0.501606464
25,170,2054.977235,0.105082182,125.8331053,0.69896123
50,170,3999.821968,0.207952338,183.709809,0.813019783
75,170,8080.986166,0.413728595,324.0200192,0.899503589
95,170,22048.78864,1.065504862,1004.427506,0.966066846
5,171,6876.532768,0.133612887,405.4597268,0.085350827
25,171,7479.143374,0.215738242,522.6540345,0.250395366
50,171,8343.69379,0.293082988,611.3905565,0.374186581
75,171,9691.288726,0.362203456,677.2769353,0.485598576
95,171,11932.30293,0.42208688,725.5802478,0.625274349
5,172,2554.357692,0.154453542,227.7774109,0.028486041
25,172,3024.300101,0.281345525,317.053272,0.110050314
50,172,3669.567603,0.409194463,375.4831214,0.194866606
75,172,4508.889613,0.556734565,420.9337865,0.289969782
95,172,5899.572372,0.711584242,454.4101703,0.420401454