"Group","Region","Subregion","Name","SciName","Stock","start.yr","end.yr","btype","MaxCatch","LastCatch","MSY_BSM","lcl","ucl","r_BSM","lcl","ucl","k_BSM","lcl","ucl","q_BSM","lcl","ucl","rel_B_BSM","lcl","ucl","rel_F_BSM","r_CMSY","lcl","ucl","k_CMSY","lcl","ucl","MSY_CMSY","lcl","ucl","rel_B_CMSY","2.5th","97.5th","rel_F_CMSY","F_msy","lcl","ucl","curF_msy","lcl","ucl","MSY","lcl","ucl","Bmsy","lcl","ucl","B","lcl","ucl","B_Bmsy","lcl","ucl","F","lcl","ucl","F_Fmsy","lcl","ucl","sel_B","sel_B_Bmsy","sel_F","sel_F_Fmsy"
"Cods, hakes, haddocks","South America","Southern Argentina","Patagonian grenadier","Macruronus magellanicus","INIDEP-PATGRENADIERSARG-1983-2006-Parma",1985,2006,"None",168.031,151.773,NA,NA,NA,NA,NA,NA,NA,NA,NA,NA,NA,NA,NA,NA,NA,NA,0.282239296140523,0.163449696933239,0.487361076713619,2237.62351599236,834.255873822079,6001.70661835803,157.886321545293,66.6017920063965,374.285582716895,0.68068899662075,0.41263057378194,0.796950912247972,0.706108250617605,0.141119648070262,0.0817248484666194,0.24368053835681,0.141119648070262,0.0817248484666194,0.24368053835681,157.886321545293,66.6017920063965,374.285582716895,1118.81175799618,417.12793691104,3000.85330917901,1523.12570591584,923.311875311892,1783.27610233763,1.3613779932415,0.82526114756388,1.59390182449594,0.0996457478266646,0.0851090864735116,0.164378910374928,0.706108250617605,0.603098772122341,1.16481944663783,NA,NA,NA,NA
"Miscellaneous demersal fishes","Australia","Southeast Australia","Bight redfish","Centroberyx gerrardi","CSIRO-BIGHTREDSE-1958-2007-FULTON",1988,2006,"None",1.02391,1.02391,NA,NA,NA,NA,NA,NA,NA,NA,NA,NA,NA,NA,NA,NA,NA,NA,0.0620385073773583,0.039696192606757,0.0969558072165191,106.548087667437,21.4420744341146,529.449471900252,1.65252108069992,0.171202032183458,15.9508966530918,0.66008066460152,0.501779871865928,0.792934258417923,0.469340216308767,0.0310192536886791,0.0198480963033785,0.0484779036082595,0.0310192536886791,0.0198480963033785,0.0484779036082595,1.65252108069992,0.171202032183458,15.9508966530918,53.2740438337186,10.7210372170573,264.724735950126,70.3303325195429,53.4636857773262,84.4856288804271,1.32016132920304,1.00355974373186,1.58586851683585,0.0145585832359812,0.0121193392718795,0.019151504149275,0.469340216308767,0.390703767199358,0.617406993136802,NA,NA,NA,NA
"Miscellaneous coastal fishes","Australia","Southeast Australia","Deepwater flathead","Platycephalus conatus","CSIRO-DEEPFLATHEADSE-1978-2007-FULTON",1988,2006,"None",2.48209,1.03969,NA,NA,NA,NA,NA,NA,NA,NA,NA,NA,NA,NA,NA,NA,NA,NA,0.282239296140523,0.163449696933239,0.487361076713619,13.3543102467573,6.5013303635293,27.4309398530295,0.94227778112174,0.670536856277046,1.32414409213155,0.307698601739329,0.0529359447532569,0.39697740043364,1.79295503386164,0.141119648070262,0.0817248484666194,0.24368053835681,0.141119648070262,0.0817248484666194,0.24368053835681,0.94227778112174,0.670536856277046,1.32414409213155,6.67715512337864,3.25066518176465,13.7154699265147,4.10910259012041,0.706923029440196,5.30135936634203,0.615397203478658,0.105871889506514,0.79395480086728,0.253021183384359,0.196117623453509,1.47072588768726,1.79295503386164,1.38972585416217,10.4218364189443,NA,NA,NA,NA
"Miscellaneous demersal fishes","Australia","Southeast Australia","Hawaiian morwong","Nemadactylus macropterus","CSIRO-MORWONGSE-1913-2007-FULTON",1915,2007,"None",2.709,0.396,NA,NA,NA,NA,NA,NA,NA,NA,NA,NA,NA,NA,NA,NA,NA,NA,0.220358392783234,0.135166219819216,0.35924524141428,25.2483634300112,14.9382136553646,42.6744368905848,1.39092219646106,1.23245493031339,1.56976495368972,0.13338686262025,0.0154229145238102,0.28728481087007,1.06720854739169,0.110179196391617,0.0675831099096081,0.17962262070714,0.0587858293307924,0.0360587959878485,0.09583719132701,1.39092219646106,1.23245493031339,1.56976495368972,12.6241817150056,7.46910682768231,21.3372184452924,3.36779998422504,0.389403351047158,7.25347131276958,0.266773725240499,0.0308458290476204,0.574569621740141,0.117584180133881,0.054594549688623,1.0169404010908,2.00021300154202,0.928702551450201,17.2990738187668,NA,NA,NA,NA
"Miscellaneous demersal fishes","Australia","Southeast Australia","New Zealand ling","Genypterus blacodes","CSIRO-NZLINGESE-1968-2007-FULTON",1977,2007,"None",1.2871,0.736,NA,NA,NA,NA,NA,NA,NA,NA,NA,NA,NA,NA,NA,NA,NA,NA,0.282239296140523,0.163449696933239,0.487361076713619,11.341599471972,5.60945696902616,22.931253291166,0.800261263019274,0.587397847944964,1.09026291350868,0.470587941182831,0.217260993788483,0.596092430389086,0.977181484193495,0.141119648070262,0.0817248484666194,0.24368053835681,0.141119648070262,0.0817248484666194,0.24368053835681,0.800261263019274,0.587397847944964,1.09026291350868,5.67079973598599,2.80472848451308,11.465626645583,5.33721994523557,2.46408717243156,6.76064159374735,0.941175882365662,0.434521987576965,1.19218486077817,0.137899507150162,0.108865407194592,0.298690731494583,0.977181484193495,0.77144046688941,2.11657792220307,NA,NA,NA,NA
"Miscellaneous demersal fishes","Australia","Western half of Southeast Australia","New Zealand ling","Genypterus blacodes","CSIRO-NZLINGWSE-1968-2007-FULTON",1979,2007,"None",0.922,0.465,NA,NA,NA,NA,NA,NA,NA,NA,NA,NA,NA,NA,NA,NA,NA,NA,0.282239296140523,0.163449696933239,0.487361076713619,7.98472866623206,3.82534188366615,16.6667173320063,0.563401049657599,0.388506975545058,0.817027139113671,0.450395808315433,0.210506630798482,0.595899771679558,0.916243623905466,0.141119648070262,0.0817248484666194,0.24368053835681,0.141119648070262,0.0817248484666194,0.24368053835681,0.563401049657599,0.388506975545058,0.817027139113671,3.99236433311603,1.91267094183308,8.33335866600313,3.596288321807,1.68083832936857,4.75809798913091,0.900791616630866,0.421013261596963,1.19179954335912,0.129299977752161,0.0977281260415855,0.276647665557868,0.916243623905466,0.69251962698297,1.96037666859918,NA,NA,NA,NA
"Miscellaneous demersal fishes","Australia","Southeast Australia","Orange roughy","Hoplostethus atlanticus","CSIRO-OROUGHYSE-1978-2007-FULTON",1985,2006,"None",34.502,0.772,NA,NA,NA,NA,NA,NA,NA,NA,NA,NA,NA,NA,NA,NA,NA,NA,0.0620385073773583,0.039696192606757,0.0969558072165191,216.935085462485,109.218615545463,430.88653952976,3.36458222496806,2.10307462844978,5.38279212512565,0.0532652117391535,0.0118524370313575,0.0985360634289551,2.15383535052564,0.0310192536886791,0.0198480963033785,0.0484779036082595,0.00660898846287205,0.00422885220887426,0.0103287432014569,3.36458222496806,2.10307462844978,5.38279212512565,108.467542731242,54.6093077727313,215.44326976488,11.5550932608106,2.57120944033627,21.3759293410972,0.106530423478307,0.0237048740627151,0.19707212685791,0.0668103651416001,0.0361153888413992,0.300247808633993,10.1090152474811,5.46458645589837,45.4302213297426,NA,NA,NA,NA
"Miscellaneous demersal fishes","Australia","Macquarie Island","Patagonian toothfish","Dissostichus eleginoides","CSIRO-PTOOTHFISHMI-1975-2010-FAY",1994,2009,"None",0.9260488,0.06871896,NA,NA,NA,NA,NA,NA,NA,NA,NA,NA,NA,NA,NA,NA,NA,NA,0.282239296140523,0.163449696933239,0.487361076713619,5.7107170880986,2.17261512579819,15.0106152134608,0.402947192850652,0.176847181246782,0.918117207645203,0.0938480324317434,0.0133194456001215,0.195436817861131,0.908601137324776,0.141119648070262,0.0817248484666194,0.24368053835681,0.0529752052354165,0.0306788649174985,0.0914757562667782,0.402947192850652,0.176847181246782,0.918117207645203,2.8553585440493,1.08630756289909,7.50530760673041,0.535939562492389,0.0760635855926138,1.11608437540317,0.187696064863487,0.0266388912002431,0.390873635722262,0.128221472735512,0.0615714739086603,0.903440975923083,2.42040539844458,1.16226966247781,17.0540344659031,NA,NA,NA,NA
"Miscellaneous demersal fishes","Australia","Southeast Australia","Silverfish","Seriolella punctata","CSIRO-SILVERFISHSE-1978-2006-FULTON",1980,2006,"None",4.46023,2.5853,NA,NA,NA,NA,NA,NA,NA,NA,NA,NA,NA,NA,NA,NA,NA,NA,0.565525438699537,0.407485471376748,0.784859938038403,20.1751855854211,12.4779347756511,32.6206315968616,2.85239516975995,2.11443073638075,3.84791899988953,0.461985089547989,0.211913246585273,0.596009115071018,0.980941931024847,0.282762719349769,0.203742735688374,0.392429969019201,0.282762719349769,0.203742735688374,0.392429969019201,2.85239516975995,2.11443073638075,3.84791899988953,10.0875927927105,6.23896738782556,16.3103157984308,9.32063491932805,4.27538907786699,12.0245945071604,0.923970179095977,0.423826493170546,1.19201823014204,0.277373807940799,0.215001013003849,0.604693503424914,0.980941931024847,0.760358414639165,2.13851919664462,NA,NA,NA,NA
"Miscellaneous coastal fishes","Australia","Southeast Australia","School whiting","Sillago flindersi","CSIRO-SWHITSE-1945-2007-FULTON",1947,2007,"None",2.44892,1.523548,NA,NA,NA,NA,NA,NA,NA,NA,NA,NA,NA,NA,NA,NA,NA,NA,0.565525438699537,0.407485471376748,0.784859938038403,11.4622478906458,7.75819608097338,16.9347520139154,1.62054819171008,1.43354277085503,1.8319484392422,0.490546240122652,0.235702239976379,0.596269170606594,0.958261950006647,0.282762719349769,0.203742735688374,0.392429969019201,0.282762719349769,0.203742735688374,0.392429969019201,1.62054819171008,1.43354277085503,1.8319484392422,5.73112394532291,3.87909804048669,8.46737600695772,5.62276260611011,2.70167750298975,6.83458504304257,0.981092480245303,0.471404479952759,1.19253834121319,0.270960754833292,0.2229174105531,0.563926670860604,0.958261950006647,0.788355024543949,1.99434590301505,NA,NA,NA,NA
"Marine fishes not identified","Australia","Southeast Australia","Tiger flathead","Neoplatycephalus richardsoni","CSIRO-TIGERFLATSE-1913-2006-FULTON",1915,2005,"None",4.6435,3.1992,NA,NA,NA,NA,NA,NA,NA,NA,NA,NA,NA,NA,NA,NA,NA,NA,0.565525438699537,0.407485471376748,0.784859938038403,29.2968753827059,17.1389776871963,50.0792359296319,4.14203207583261,2.75321777572405,6.23141034047492,0.726420903065304,0.556979150177632,0.797959816102849,0.531630152679967,0.282762719349769,0.203742735688374,0.392429969019201,0.282762719349769,0.203742735688374,0.392429969019201,4.14203207583261,2.75321777572405,6.23141034047492,14.6484376913529,8.56948884359813,25.0396179648159,21.2818626724969,16.3177487535195,23.3777292927721,1.45284180613061,1.11395830035526,1.5959196322057,0.15032518766012,0.13684819256544,0.196056456581364,0.531630152679967,0.483968299923453,0.693360344787348,NA,NA,NA,NA
"Miscellaneous demersal fishes","Australia","Eastern half of Southeast Australia","whario","Seriolella brama","CSIRO-WAREHOUESE-1984-2006-FULTON",1985,2006,"None",2.563853,0.171533,NA,NA,NA,NA,NA,NA,NA,NA,NA,NA,NA,NA,NA,NA,NA,NA,0.524662542106593,0.353808313427004,0.778022371558957,10.2988757454769,6.61787599580178,16.0273238253569,1.35085858236546,1.03019721522574,1.77132968579278,0.0837854517543465,0.0128032488991271,0.195077171907826,0.75777310225885,0.262331271053296,0.176904156713502,0.389011185779479,0.0879181762179694,0.0592879787498498,0.13037391175211,1.35085858236546,1.03019721522574,1.77132968579278,5.14943787273843,3.30893799790089,8.01366191267847,0.862895956896661,0.131859069550524,2.00907555425773,0.167570903508693,0.0256064977982542,0.390154343815653,0.198787581085564,0.0853790688142508,1.30088131658077,2.26105214685896,0.971119653376071,14.7965002521843,NA,NA,NA,NA
"Miscellaneous demersal fishes","Australia","Western half of Southeast Australia","whario","Seriolella brama","CSIRO-WAREHOUWSE-1984-2006-FULTON",1985,2006,"None",0.851,0.6,NA,NA,NA,NA,NA,NA,NA,NA,NA,NA,NA,NA,NA,NA,NA,NA,0.552943197352777,0.393322654553242,0.777341899733682,2.9149704481298,1.95310369463578,4.35053844647741,0.402953269944437,0.34459965554062,0.471188334486814,0.494887569742964,0.243365962032984,0.596505075097886,1.50438856861312,0.276471598676388,0.196661327276621,0.388670949866841,0.276471598676388,0.196661327276621,0.388670949866841,0.402953269944437,0.34459965554062,0.471188334486814,1.4574852240649,0.976551847317892,2.17526922323871,1.44258264094752,0.709404587406827,1.73879466606979,0.989775139485928,0.486731924065968,1.19301015019577,0.415920712594953,0.345066620980719,0.845779701246721,1.50438856861312,1.24810874835871,3.05919199402725,NA,NA,NA,NA
"Miscellaneous demersal fishes","Canada West Coast","West Coast of Vancouver Island and Straight of Georgia and Queen Charlotte Islands","Canary rockfish","Sebastes pinniger","DFO-CROCKWCVANISOGQCI-1945-2009-STANTON",1945,2009,"None",1.866125,0.8,NA,NA,NA,NA,NA,NA,NA,NA,NA,NA,NA,NA,NA,NA,NA,NA,0.28083162177838,0.163000827744688,0.483840486467991,14.5711172284907,7.52822063079311,28.2028739192319,1.02300762059998,0.860292410601687,1.21649869150152,0.29160286166151,0.0310006939612997,0.396948025662624,1.34087823315331,0.14041581088919,0.0815004138723439,0.241920243233996,0.14041581088919,0.0815004138723439,0.241920243233996,1.02300762059998,0.860292410601687,1.21649869150152,7.28555861424535,3.76411031539656,14.1014369596159,4.24897948143322,0.451714745874662,5.78397621554803,0.58320572332302,0.0620013879225995,0.793896051325249,0.188280504411886,0.13831315520446,1.77102918889873,1.34087823315331,0.985025506234556,12.6127476505929,NA,NA,NA,NA
"Cods, hakes, haddocks","Canada East Coast","Western Scotian Shelf, Bay of Fundy and Gulf of Maine","Haddock","Melanogrammus aeglefinus","DFO-MAR-HAD4X5Y-1970-2011-CHING",1970,2010,"None",31.57255,5.441387,NA,NA,NA,NA,NA,NA,NA,NA,NA,NA,NA,NA,NA,NA,NA,NA,0.372506794895013,0.292658171851714,0.474141252796672,217.350042063039,153.244129644452,308.273086182229,20.2410918847997,15.1562820063877,27.0318143009107,0.141446105227927,0.0159301069627471,0.291869359414551,0.950286783512412,0.186253397447506,0.146329085925857,0.237070626398336,0.105379270617676,0.0827907171431004,0.134130867071958,20.2410918847997,15.1562820063877,27.0318143009107,108.675021031519,76.622064822226,154.136543091114,30.7433169209429,3.4624094184218,63.437817545665,0.282892210455854,0.0318602139254943,0.583738718829103,0.17699414197865,0.0857751292607613,1.5715608243927,1.67959164018888,0.813965865943031,14.913377319667,NA,NA,NA,NA
"Cods, hakes, haddocks","Canada West Coast","Hecate Strait","Pacific cod","Gadus macrocephalus","DFO-PAC-PCODHS-1956-2005-COLLIE",1956,2004,"None",9.562,0.4,NA,NA,NA,NA,NA,NA,NA,NA,NA,NA,NA,NA,NA,NA,NA,NA,0.269820056384687,0.153508398514822,0.47425980292802,51.286689161461,27.9662364473464,94.0535738549082,3.45954434033232,2.98992291450006,4.00292829781085,0.0507442732888583,0.0122124544232946,0.0971767025473507,1.13926316818669,0.134910028192343,0.0767541992574111,0.23712990146401,0.0273836453599994,0.0155793442527422,0.048131938099399,3.45954434033232,2.98992291450006,4.00292829781085,25.6433445807305,13.9831182236732,47.0267869274541,2.6025057708899,0.626336353906019,4.98387133728173,0.101488546577717,0.0244249088465892,0.194353405094701,0.153698026138564,0.0802588937254077,0.638634493280618,5.61276718705532,2.9309061182426,23.3217486161832,NA,NA,NA,NA
"Cods, hakes, haddocks","Canada West Coast","West Coast of Vancouver Island","Pacific cod","Gadus macrocephalus","DFO-PAC-PCODWCVANI-1956-2002-COLLIE",1956,2001,"None",5.774,0.339,NA,NA,NA,NA,NA,NA,NA,NA,NA,NA,NA,NA,NA,NA,NA,NA,0.228778727045222,0.127581487612948,0.410245302259044,30.345893754955,16.9624169398807,54.2890362293791,1.73562373607704,1.42136990324155,2.11935664767069,0.0997576254979121,0.0153297045371542,0.195899442133747,0.978966923550328,0.114389363522611,0.063790743806474,0.205122651129522,0.0456448451489327,0.025454452523518,0.081850194450071,1.73562373607704,1.42136990324155,2.11935664767069,15.1729468774775,8.48120846994034,27.1445181146896,3.02723430460623,0.465193585179332,5.94474365764563,0.199515250995824,0.0306594090743083,0.391798884267493,0.111983403294611,0.0570251670253278,0.728728879331636,2.45336363677486,1.24932326617086,15.9651955648857,NA,NA,NA,NA
"Miscellaneous demersal fishes","Canada West Coast","Pacific Coast of Canada","Sablefish","Anoplopoma fimbria","DFO-PAC-SABLEFPCAN-1913-2010-HIVELY",1913,2010,"None",7.408,2.078,NA,NA,NA,NA,NA,NA,NA,NA,NA,NA,NA,NA,NA,NA,NA,NA,0.256660776953556,0.138484066956171,0.475684718641688,59.6999833323497,31.7630644146901,112.208569152871,3.8306610265488,3.22677517042488,4.54756316300393,0.212107685914375,0.0228982963475952,0.29657098188444,1.27874932813582,0.128330388476778,0.0692420334780856,0.237842359320844,0.108879446929209,0.0587470699561696,0.201792769791838,3.8306610265488,3.22677517042488,4.54756316300393,29.8499916661749,15.881532207345,56.1042845764353,12.6628253137515,1.36702791029064,17.7052826753597,0.42421537182875,0.0457965926951905,0.59314196376888,0.164102398044088,0.117366101298791,1.5200860087474,1.50719353075686,1.07794542137141,13.9611841501705,NA,NA,NA,NA
"Miscellaneous coastal fishes","New Zealand","New Zealand","Australian salmon","Arripis trutta","NIWA-AUSSALMONNZ-1975-2006-JENSEN",1975,2006,"None",5.62,2.24,NA,NA,NA,NA,NA,NA,NA,NA,NA,NA,NA,NA,NA,NA,NA,NA,0.565525438699537,0.407485471376748,0.784859938038403,22.728949031803,15.3781431562206,33.5934656637222,3.21344971809746,2.8404951272129,3.63537292911071,0.499533808871712,0.238689489012878,0.596555906197591,0.697720730702347,0.282762719349769,0.203742735688374,0.392429969019201,0.282762719349769,0.203742735688374,0.392429969019201,3.21344971809746,2.8404951272129,3.63537292911071,11.3644745159015,7.68907157811029,16.7967328318611,11.3538784815076,5.42516123020081,13.5590887865861,0.999067617743424,0.477378978025756,1.19311181239518,0.197289411160103,0.165202841817513,0.412890954748102,0.697720730702347,0.584245483978254,1.46020294223217,NA,NA,NA,NA
"Miscellaneous demersal fishes","New Zealand","East coast of North Island","Black cardinalfish","Epigonus telescopus","NIWA-BKCDLFENI-1923-2009-CORDUE",1983,2009,"None",6.108,0.98,NA,NA,NA,NA,NA,NA,NA,NA,NA,NA,NA,NA,NA,NA,NA,NA,0.0620385073773583,0.039696192606757,0.0969558072165191,72.0962342610364,37.9046843307448,137.12993753667,1.11818569027076,0.760872340842083,1.64329700372932,0.211698656168437,0.020529243652484,0.296814432059898,2.06996998749421,0.0310192536886791,0.0198480963033785,0.0484779036082595,0.0262669372849648,0.0168072612597078,0.0410508281909263,1.11818569027076,0.760872340842083,1.64329700372932,36.0481171305182,18.9523421653724,68.5649687683352,15.2626759078662,1.48008115957138,21.3992028258469,0.423397312336874,0.0410584873049681,0.593628864119797,0.0642089241700348,0.0457960984797206,0.662125852803773,2.44447700443508,1.74348832461462,25.2075773288869,NA,NA,NA,NA
"Miscellaneous demersal fishes","New Zealand","Pukaki Rise","Black oreo","Allocyttus niger","NIWA-BLACKOREOPR-1974-2009-CORDUE",1979,2009,"None",4.18,3.345,NA,NA,NA,NA,NA,NA,NA,NA,NA,NA,NA,NA,NA,NA,NA,NA,0.0620385073773583,0.039696192606757,0.0969558072165191,465.250284355931,105.250119403764,2056.60410001903,7.2158582995833,0.940257770131937,55.3769536968134,0.573636408056317,0.410133854015677,0.773944493393993,0.404055871915707,0.0310192536886791,0.0198480963033785,0.0484779036082595,0.0310192536886791,0.0198480963033785,0.0484779036082595,7.2158582995833,0.940257770131937,55.3769536968134,232.625142177966,52.6250597018822,1028.30205000952,266.884501965116,190.814892204787,360.077895627262,1.14727281611263,0.820267708031353,1.54788898678799,0.0125335115953538,0.00928965660103337,0.0175300782939419,0.404055871915707,0.299480338704079,0.565135398481224,NA,NA,NA,NA
"Miscellaneous demersal fishes","New Zealand","NZ Area STA7","Giant stargazer","Kathetostoma giganteum","NIWA-GSTRGZRSTA7-1964-2007-CORDUE",1964,2007,"None",1.14552,0.957777,NA,NA,NA,NA,NA,NA,NA,NA,NA,NA,NA,NA,NA,NA,NA,NA,0.566941021036925,0.409476813001131,0.784958051662631,5.12082622450372,3.50602351975289,7.47937401840741,0.7258016120682,0.653601894296497,0.805976825767625,0.424856327457437,0.401049420543158,0.511123409952066,1.55301048886323,0.283470510518463,0.204738406500565,0.392479025831316,0.283470510518463,0.204738406500565,0.392479025831316,0.7258016120682,0.653601894296497,0.805976825767625,2.56041311225186,1.75301175987644,3.7396870092037,2.17561542329038,2.05370439003943,2.61737416164031,0.849712654914874,0.802098841086316,1.02224681990413,0.440232676118588,0.365930486377142,0.466365561005405,1.55301048886323,1.29089437101539,1.64519956644672,NA,NA,NA,NA
"Cods, hakes, haddocks","New Zealand","Eastern New Zealand","Hoki","Macruronus novaezelandiae","NIWA-HOKIENZ-1970-2012-CORDUE",1972,2012,"None",99.1665,43.43511,NA,NA,NA,NA,NA,NA,NA,NA,NA,NA,NA,NA,NA,NA,NA,NA,0.282239296140523,0.163449696933239,0.487361076713619,694.991067720417,348.465477346594,1386.11316073284,49.0384474443403,36.9715747702544,65.043735429038,0.27094397567055,0.0198585114076599,0.396537509362193,1.63453686107512,0.141119648070262,0.0817248484666194,0.24368053835681,0.141119648070262,0.0817248484666194,0.24368053835681,49.0384474443403,36.9715747702544,65.043735429038,347.495533860209,174.232738673297,693.056580366419,188.30364294369,13.8014880465476,275.590027022826,0.541887951341099,0.0397170228153197,0.793075018724387,0.230665266592791,0.15760769890415,3.14713238554484,1.63453686107512,1.11683738628429,22.3011637895945,NA,NA,NA,NA
"Cods, hakes, haddocks","New Zealand","Western New Zealand","Hoki","Macruronus novaezelandiae","NIWA-HOKIWNZ-1970-2012-CORDUE",1972,2012,"None",245.8349,86.56489,NA,NA,NA,NA,NA,NA,NA,NA,NA,NA,NA,NA,NA,NA,NA,NA,0.269820056384687,0.149269780922103,0.487726734625731,1546.33478382762,813.25370072903,2940.22795289059,104.308034640493,83.9795319656426,129.557355654393,0.271003285067663,0.0174780923071429,0.394526165418486,1.53115609653531,0.134910028192343,0.0746348904610515,0.243863367312866,0.134910028192343,0.0746348904610515,0.243863367312866,104.308034640493,83.9795319656426,129.557355654393,773.167391913809,406.626850364515,1470.11397644529,419.061806231679,27.026982089485,610.069532716734,0.542006570135326,0.0349561846142858,0.789052330836972,0.206568312150457,0.141893481574982,3.20290625543718,1.53115609653531,1.05176378269436,23.7410539331497,NA,NA,NA,NA
"Miscellaneous demersal fishes","New Zealand","New Zealand Areas LIN 3 and 4","New Zealand ling","Genypterus blacodes","NIWA-NZLINGLIN3-4-1968-2011-CORDUE",1973,2011,"None",26.049,3.7,NA,NA,NA,NA,NA,NA,NA,NA,NA,NA,NA,NA,NA,NA,NA,NA,0.237520819095458,0.145966957701558,0.386499385834464,95.5114717308802,47.1124439608947,193.631246126198,5.67149074963284,3.68612946388136,8.72617406370244,0.204334624189646,0.0163779510898382,0.296264721967049,1.59636624805195,0.118760409547729,0.0729834788507789,0.193249692917232,0.0970674546141747,0.0596522068921076,0.157950413508029,5.67149074963284,3.68612946388136,8.72617406370244,47.7557358654401,23.5562219804474,96.8156230630991,19.5163006819294,1.56428221252682,28.2966796170129,0.408669248379292,0.0327559021796765,0.592529443934099,0.189585109406821,0.130757390975846,2.36530209854097,1.95312744277046,1.34707757090759,24.3676122748104,NA,NA,NA,NA
"Miscellaneous demersal fishes","New Zealand","New Zealand Areas LIN 5 and 6","New Zealand ling","Genypterus blacodes","NIWA-NZLINGLIN5-6-1968-2011-CORDUE",1973,2011,"None",10.949,5.4,NA,NA,NA,NA,NA,NA,NA,NA,NA,NA,NA,NA,NA,NA,NA,NA,0.16948344949947,0.115903190612879,0.247833036367229,158.999693648864,90.5768609371976,279.109943961972,6.73695413724206,4.70915773827781,9.63793390872935,0.325875643362728,0.205202167706594,0.561837164751839,1.22983903026467,0.0847417247497351,0.0579515953064394,0.123916518183614,0.0847417247497351,0.0579515953064394,0.123916518183614,6.73695413724206,4.70915773827781,9.63793390872935,79.4998468244318,45.2884304685988,139.554971980986,51.8141274623002,32.6270818014312,89.3319370760886,0.651751286725457,0.410404335413188,1.12367432950368,0.10421868058917,0.0604487059919069,0.165506680397115,1.22983903026467,0.713328719357885,1.95307188856375,NA,NA,NA,NA
"Miscellaneous demersal fishes","New Zealand","Chatham Rise","Orange roughy","Hoplostethus atlanticus","NIWA-OROUGHYCR-1979-2006-CORDUE",1980,2006,"None",10.92,1.68,NA,NA,NA,NA,NA,NA,NA,NA,NA,NA,NA,NA,NA,NA,NA,NA,0.0620385073773583,0.039696192606757,0.0969558072165191,273.119840398421,99.3890708194469,750.529676998083,4.23598680836507,1.40137516768235,12.8042687314909,0.168712385245702,0.0151403579089701,0.297159013754228,1.17537844385608,0.0310192536886791,0.0198480963033785,0.0484779036082595,0.0209333291134343,0.0133944786797175,0.0327152909978427,4.23598680836507,1.40137516768235,12.8042687314909,136.559920199211,49.6945354097235,375.264838499042,46.078699731543,4.13513213567288,81.160022409507,0.337424770491403,0.0302807158179402,0.594318027508456,0.0364593621301767,0.0206998464283717,0.406274804499476,1.74168962483747,0.988846366299529,19.4080359744949,NA,NA,NA,NA
"Miscellaneous demersal fishes","New Zealand","New Zealand Mid East Coast","Orange roughy","Hoplostethus atlanticus","NIWA-OROUGHYNZMEC-1909-2011-CORDUE",1982,2011,"None",12.621,1.527,NA,NA,NA,NA,NA,NA,NA,NA,NA,NA,NA,NA,NA,NA,NA,NA,0.0620385073773583,0.039696192606757,0.0969558072165191,395.162016115737,159.960098931138,976.199814979342,6.12881541301198,2.49820744684062,15.0357322864748,0.0938040300515175,0.0128964955194723,0.196037893589608,1.32803953135841,0.0310192536886791,0.0198480963033785,0.0484779036082595,0.011638924020754,0.00744732568843012,0.018189690907615,6.12881541301198,2.49820744684062,15.0357322864748,197.581008057869,79.980049465569,488.099907489671,37.0677896349388,5.09620517030225,77.4667292659517,0.187608060103035,0.0257929910389446,0.392075787179215,0.0411947951318009,0.0197116880300657,0.299634718181771,3.53939892195741,1.69360054201889,25.7441940206393,NA,NA,NA,NA
"Abalones, winkles, conchs","New Zealand","NZ Area North PAUA 5A","Blackfoot abalone","Haliotis iris","NIWA-PAUANPAU5A-1965-2010-CORDUE",1965,2010,"None",0.100495,0.07433,NA,NA,NA,NA,NA,NA,NA,NA,NA,NA,NA,NA,NA,NA,NA,NA,0.282239296140523,0.163449696933239,0.487361076713619,0.809462046060515,0.427306658642588,1.53339244956753,0.0571154995331469,0.0476338823518147,0.0684844511061908,0.277289450328255,0.205741552074001,0.407037747090076,2.34664184557065,0.141119648070262,0.0817248484666194,0.24368053835681,0.141119648070262,0.0817248484666194,0.24368053835681,0.0571154995331469,0.0476338823518147,0.0684844511061908,0.404731023030257,0.213653329321294,0.766696224783767,0.224455285813705,0.166539977701487,0.329481607583396,0.55457890065651,0.411483104148003,0.814075494180153,0.33115727139388,0.225596811139712,0.446319262352923,2.34664184557065,1.59862084567693,3.16270107285632,NA,NA,NA,NA
"Abalones, winkles, conchs","New Zealand","New Zealand Area PAU 7 (Marlborough)","Blackfoot abalone","Haliotis iris","NIWA-PAUAPAU7-1965-2011-CORDUE",1965,2011,"None",0.508077,0.199716,NA,NA,NA,NA,NA,NA,NA,NA,NA,NA,NA,NA,NA,NA,NA,NA,0.269820056384687,0.15228523052223,0.478069098216378,3.57055064755172,1.94781138684871,6.54520864433279,0.240851544261696,0.208328129432894,0.278452393976541,0.294800559484012,0.0337398716196926,0.395388423136675,1.40638791195778,0.134910028192343,0.0761426152611149,0.239034549108189,0.134910028192343,0.0761426152611149,0.239034549108189,0.240851544261696,0.208328129432894,0.278452393976541,1.78527532377586,0.973905693424356,3.27260432216639,1.05260032856425,0.120469920460006,1.41175439026511,0.589601118968025,0.0674797432393853,0.79077684627335,0.189735832851594,0.141466533681185,1.65780801744866,1.40638791195778,1.04859909657341,12.2882489883191,NA,NA,NA,NA
"Abalones, winkles, conchs","New Zealand","NZ Area South PAUA 5A","Blackfoot abalone","Haliotis iris","NIWA-PAUASPAU5A-1965-2009-CORDUE",1965,2009,"None",0.099177,0.052962,NA,NA,NA,NA,NA,NA,NA,NA,NA,NA,NA,NA,NA,NA,NA,NA,0.269820056384687,0.149269780922103,0.487726734625731,0.817492885412407,0.439524416119468,1.52049486488198,0.055143994109014,0.0463579100232933,0.065595279959063,0.314024445617232,0.204089832133646,0.480763052433443,1.52922963149137,0.134910028192343,0.0746348904610515,0.243863367312866,0.134910028192343,0.0746348904610515,0.243863367312866,0.055143994109014,0.0463579100232933,0.065595279959063,0.408746442706204,0.219762208059734,0.760247432440992,0.256712750137663,0.166841985754268,0.393020374933492,0.628048891234464,0.408179664267292,0.961526104866886,0.206308412697067,0.13475637238645,0.317438082270279,1.52922963149137,0.998861049782942,2.35296135152905,NA,NA,NA,NA
"Lobsters, spiny-rock lobsters","New Zealand","Bay of Plenty","Scampi","Metanephrops challengeri","NIWA-SCMPBP-1985-2010-CORDUE",1987,2010,"None",0.1789998,0.1113999,NA,NA,NA,NA,NA,NA,NA,NA,NA,NA,NA,NA,NA,NA,NA,NA,0.565525438699537,0.407485471376748,0.784859938038403,0.790238909484983,0.523812297164455,1.19217807112298,0.111725051490985,0.0948669340646261,0.131578903163032,0.491028419689093,0.223489149901768,0.596789523761281,1.015307543577,0.282762719349769,0.203742735688374,0.392429969019201,0.282762719349769,0.203742735688374,0.392429969019201,0.111725051490985,0.0948669340646261,0.131578903163032,0.395119454742492,0.261906148582228,0.596089035561488,0.388029762901244,0.176609822100099,0.471606302449177,0.982056839378187,0.446978299803535,1.19357904752256,0.287091121998165,0.236213764365469,0.630768428818533,1.015307543577,0.835378033245181,2.23073405952888,NA,NA,NA,NA
"Lobsters, spiny-rock lobsters","New Zealand","Wairarapa/Hawke Bay","Scampi","Metanephrops challengeri","NIWA-SCMPWHB-1985-2010-CORDUE",1988,2010,"None",0.28342,0.1251537,NA,NA,NA,NA,NA,NA,NA,NA,NA,NA,NA,NA,NA,NA,NA,NA,0.557105861812174,0.3953436074261,0.78505617755183,1.26515525377388,0.84786993918667,1.88781054991412,0.176206351994974,0.151456572060146,0.205000536200216,0.512816313760134,0.221958781510554,0.595995411927387,0.692516786634705,0.278552930906087,0.19767180371305,0.392528088775915,0.278552930906087,0.19767180371305,0.392528088775915,0.176206351994974,0.151456572060146,0.205000536200216,0.632577626886938,0.423934969593335,0.943905274957061,0.648792253574586,0.280812318549325,0.754026726625059,1.02563262752027,0.443917563021108,1.19199082385477,0.192902580618762,0.165980456104221,0.445684507882501,0.692516786634705,0.595866844998951,1.59999934817689,NA,NA,NA,NA
"Miscellaneous demersal fishes","New Zealand","Bounty Plateau","Smooth oreo","Pseudocyttus maculatus","NIWA-SMOOTHOREOBP-1983-2008-CORDUE",1984,2008,"None",2.19,0.67,NA,NA,NA,NA,NA,NA,NA,NA,NA,NA,NA,NA,NA,NA,NA,NA,0.062976099348015,0.0408744543127754,0.0970285513475707,29.4751696809833,15.7184713626583,55.2716360056926,0.464057803532301,0.315747948064409,0.682030228032691,0.364690279617408,0.267537516331273,0.398673955762918,1.97946824477936,0.0314880496740075,0.0204372271563877,0.0485142756737853,0.0314880496740075,0.0204372271563877,0.0485142756737853,0.464057803532301,0.315747948064409,0.682030228032691,14.7375848404916,7.85923568132917,27.6358180028463,10.7493078727283,7.8857136898931,11.7509824935008,0.729380559234816,0.535075032662546,0.797347911525835,0.0623295944197331,0.0570165090766292,0.0849637745355529,1.97946824477936,1.81073485550598,2.69828634720708,NA,NA,NA,NA
"Miscellaneous demersal fishes","New Zealand","Chatham Rise","Smooth oreo","Pseudocyttus maculatus","NIWA-SMOOTHOREOCR-1978-2010-CORDUE",1979,2010,"None",7.764,6.118,NA,NA,NA,NA,NA,NA,NA,NA,NA,NA,NA,NA,NA,NA,NA,NA,0.0620385073773583,0.039696192606757,0.0969558072165191,930.681581583714,256.449880077279,3377.53406645444,14.434524041263,2.76863463839633,75.2556806912182,0.70237887476032,0.440778667105594,0.797563651661548,0.301721020434743,0.0310192536886791,0.0198480963033785,0.0484779036082595,0.0310192536886791,0.0198480963033785,0.0484779036082595,14.434524041263,2.76863463839633,75.2556806912182,465.340790791857,128.224940038639,1688.76703322722,653.691082032924,410.224587030196,742.277800742051,1.40475774952064,0.881557334211189,1.5951273033231,0.00935916087607244,0.00824219718531777,0.0149137818488429,0.301721020434743,0.265712298175822,0.480791124071623,NA,NA,NA,NA
"Miscellaneous demersal fishes","New Zealand","East Pukaki Rise","Smooth oreo","Pseudocyttus maculatus","NIWA-SMOOTHOREOEPR-1973-2006-CORDUE",1981,2006,"None",2.58,1.37,NA,NA,NA,NA,NA,NA,NA,NA,NA,NA,NA,NA,NA,NA,NA,NA,0.0620385073773583,0.039696192606757,0.0969558072165191,103.934428829226,26.9441994508053,400.91617922367,1.61198420742086,0.274342267198696,9.47171980281212,0.517668410144155,0.284338632270254,0.597728499378232,0.820877071196044,0.0310192536886791,0.0198480963033785,0.0484779036082595,0.0310192536886791,0.0198480963033785,0.0484779036082595,1.61198420742086,0.274342267198696,9.47171980281212,51.9672144146129,13.4720997254027,200.458089611835,53.8035705312661,29.5525733390921,62.1245701778267,1.03533682028831,0.568677264540508,1.19545699875646,0.02546299411865,0.0220524664569667,0.0463580610825443,0.820877071196044,0.710928337551044,1.49449311539894,NA,NA,NA,NA
"Miscellaneous demersal fishes","New Zealand","Southland","Smooth oreo","Pseudocyttus maculatus","NIWA-SMOOTHOREOSLD-1973-2007-CORDUE",1978,2007,"None",4.24,0.26,NA,NA,NA,NA,NA,NA,NA,NA,NA,NA,NA,NA,NA,NA,NA,NA,0.0620385073773583,0.039696192606757,0.0969558072165191,27.2671610684273,14.1858383070899,52.4112891065426,0.422903493275811,0.281897552855404,0.634440997494652,0.117646115337371,0.0146097510215618,0.197385071692104,2.61291022499108,0.0310192536886791,0.0198480963033785,0.0484779036082595,0.01459717878855,0.00934020570773803,0.022812948156845,0.422903493275811,0.281897552855404,0.634440997494652,13.6335805342137,7.09291915354497,26.2056445532713,3.20787557597887,0.398366434274545,5.38213054233167,0.235292230674742,0.0292195020431235,0.394770143384208,0.081050525134742,0.0483080070160026,0.652665429690328,5.5524787569443,3.30940709268391,44.7117514380434,NA,NA,NA,NA
"Miscellaneous demersal fishes","New Zealand","West end of Chatham Rise","Smooth oreo","Pseudocyttus maculatus","NIWA-SMOOTHOREOWECR-1965-2009-CORDUE",1973,2009,"None",6.96,1.53,NA,NA,NA,NA,NA,NA,NA,NA,NA,NA,NA,NA,NA,NA,NA,NA,0.0620385073773583,0.039696192606757,0.0969558072165191,249.143426932684,103.35836273865,600.55563516149,3.86412158244591,1.65270668201709,9.03453454045508,0.151983599608728,0.0143334911093143,0.296061237024688,1.30260855510222,0.0310192536886791,0.0198480963033785,0.0484779036082595,0.0188576713311271,0.0120663404862726,0.0294713851674729,3.86412158244591,1.65270668201709,9.03453454045508,124.571713466342,51.6791813693251,300.277817580745,37.8657148440835,3.57109509488373,73.7617111742603,0.303967199217456,0.0286669822186286,0.592122474049375,0.0404059452277596,0.0207424688994187,0.428440004913903,2.14267947077136,1.09994858512464,22.7196665691541,NA,NA,NA,NA
"Cods, hakes, haddocks","New Zealand","Sub-Antarctic","Southern hake","Merluccius australis","NIWA-SOUTHHAKESA-1974-2011-CORDUE",1975,2011,"None",3.941,2,NA,NA,NA,NA,NA,NA,NA,NA,NA,NA,NA,NA,NA,NA,NA,NA,0.282239296140523,0.163449696933239,0.487361076713619,30.5183271737478,15.4874230502005,60.1370731893229,2.1533677952262,1.66232423770711,2.78946354527879,0.466745452566344,0.215274357856505,0.596184695937185,0.99495099568456,0.141119648070262,0.0817248484666194,0.24368053835681,0.141119648070262,0.0817248484666194,0.24368053835681,2.1533677952262,1.66232423770711,2.78946354527879,15.2591635868739,7.74371152510027,30.0685365946614,14.2442904282787,6.56981328518328,18.1945596065924,0.933490905132688,0.430548715713009,1.19236939187437,0.140407134358162,0.109922968362221,0.304422654523614,0.99495099568456,0.778934541471445,2.15719539189926,NA,NA,NA,NA
"Miscellaneous demersal fishes","New Zealand","Sub-Antarctic","Hawaiian morwong","Nemadactylus macropterus","NIWA-TARAKNZ-1932-2007-CORDUE",1932,2007,"None",1.17109,0.957277,NA,NA,NA,NA,NA,NA,NA,NA,NA,NA,NA,NA,NA,NA,NA,NA,0.425283191082274,0.363582153742397,0.497455088913049,5.03579461859721,0.688055274744087,36.8563811245029,0.535409701257991,0.366268135720989,0.782660352467958,0.464579199081102,0.407586005622131,0.619175801093333,1.92425060521202,0.212641595541137,0.181791076871198,0.248727544456525,0.212641595541137,0.181791076871198,0.248727544456525,0.535409701257991,0.366268135720989,0.782660352467958,2.51789730929861,0.344027637372044,18.4281905622515,2.33952543064482,2.05251941372746,3.11804216711143,0.929158398162204,0.815172011244262,1.23835160218667,0.409175718913283,0.307012204676766,0.466391203706836,1.92425060521202,1.44380126520153,2.19332065544349,NA,NA,NA,NA
"Miscellaneous demersal fishes","New Zealand","West end of Chatham Rise","Black oreo","Allocyttus niger","NZMFishDEEPWATER-BLACKOREOWECR-1973-2007-JENSEN",1973,2007,"None",12.63829,1.76666,NA,NA,NA,NA,NA,NA,NA,NA,NA,NA,NA,NA,NA,NA,NA,NA,0.0620385073773583,0.039696192606757,0.0969558072165191,301.427790042417,120.965262972695,751.114083308069,4.67503254407182,1.873565086631,11.6654230184399,0.157911786008815,0.0142044078630437,0.296848735398123,1.19653056334151,0.0310192536886791,0.0198480963033785,0.0484779036082595,0.0195932230025594,0.0125369933445658,0.0306209293629737,4.67503254407182,1.873565086631,11.6654230184399,150.713895021208,60.4826314863475,375.557041654034,47.5990006782881,4.28160327101838,89.4784582879423,0.31582357201763,0.0284088157260873,0.593697470796246,0.0371154850905483,0.0197439700437716,0.412616463547264,1.89430218222393,1.00769383583255,21.0591419029613,NA,NA,NA,NA
"Miscellaneous demersal fishes","New Zealand","New Zealand","Bluenose","Hyperoglyphe antarctica","NZMFishINSHOREWG-BNSNZ-1935-2011-CORDUE",1936,2011,"None",3.089967,2,NA,NA,NA,NA,NA,NA,NA,NA,NA,NA,NA,NA,NA,NA,NA,NA,0.278037300453194,0.161782894495344,0.477830123415948,30.4013028529406,15.4390971533787,59.8635532877617,2.11317404387289,1.61845114238599,2.75912223900369,0.417292470861958,0.213082667990743,0.572679133700292,1.13402905954185,0.139018650226597,0.0808914472476722,0.238915061707974,0.139018650226597,0.0808914472476722,0.238915061707974,2.11317404387289,1.61845114238599,2.75912223900369,15.2006514264703,7.71954857668936,29.9317766438809,12.6862347849263,6.47799072229917,17.4101917811823,0.834584941723916,0.426165335981486,1.14535826740058,0.157651189175246,0.114875242337175,0.308737706757653,1.13402905954185,0.826329720148562,2.22083660181147,NA,NA,NA,NA
"Miscellaneous coastal fishes","New Zealand","New Zealand Area 8 (Auckland and Central West)","New Zealand snapper","Chrysophrys auratus","NZMFishINSHOREWG-NZSNAPNZ8-1931-2005-JENSEN",1931,2005,"None",9.37626,1.95,NA,NA,NA,NA,NA,NA,NA,NA,NA,NA,NA,NA,NA,NA,NA,NA,0.204436063562474,0.128253051736242,0.325872199679673,65.5522083136144,38.0913387533984,112.81021238478,3.35030885636565,2.73524768515622,4.10367569048908,0.155094934668544,0.0161202540360079,0.295257388785553,1.87638587985611,0.102218031781237,0.0641265258681208,0.162936099839836,0.0634139958442326,0.0397827973601477,0.101082255039227,3.35030885636565,2.73524768515622,4.10367569048908,32.7761041568072,19.0456693766992,56.4051061923902,10.1668154657788,1.05671825063677,19.3547738558044,0.310189869337089,0.0322405080720158,0.590514777571106,0.191800471500996,0.100750337592563,1.84533578257491,3.02457634072022,1.58877131540554,29.0998187073358,NA,NA,NA,NA
"Miscellaneous pelagic fishes","New Zealand","New Zealand Areas TRE 7","Trevally","Pseudocaranx dentex","NZMFishINSHOREWG-TREVALLYTRE7-1944-2005-JENSEN",1944,2005,"None",3.495,2.454,NA,NA,NA,NA,NA,NA,NA,NA,NA,NA,NA,NA,NA,NA,NA,NA,0.561299863623192,0.401368628853587,0.784958051662631,17.102278883741,11.7566573019321,24.8784952649069,2.3998767012724,2.17833302488012,2.64395210260702,0.531304091144067,0.255933952700977,0.597386117551846,0.962304403578358,0.280649931811596,0.200684314426793,0.392479025831316,0.280649931811596,0.200684314426793,0.392479025831316,2.3998767012724,2.17833302488012,2.64395210260702,8.55113944187048,5.87832865096607,12.4392476324535,9.08651073881836,4.37705383491028,10.2166639836469,1.06260818228813,0.511867905401954,1.19477223510369,0.270070665246264,0.240195821642753,0.560651089193264,0.962304403578358,0.855855620887875,1.99768831431478,NA,NA,NA,NA
"Miscellaneous demersal fishes","New Zealand","New Zealand","common gemfish","Rexea solandri","NZMFishMIDDEPTHSWG-GEMFISHNZ-1952-2007-JENSEN",1952,2006,"None",2.312,0.412,NA,NA,NA,NA,NA,NA,NA,NA,NA,NA,NA,NA,NA,NA,NA,NA,0.278037300453194,0.161782894495344,0.477830123415948,17.0411356268096,8.55898082705538,33.9293087949617,1.18451783658372,0.887740044320373,1.5805105494133,0.149520747741202,0.0158146862626733,0.296710762091441,1.16311901395723,0.139018650226597,0.0808914472476722,0.238915061707974,0.0831446901274136,0.0483797987133598,0.142891034692847,1.18451783658372,0.887740044320373,1.5805105494133,8.52056781340479,4.27949041352769,16.9646543974808,2.5480033412798,0.269500213497658,5.05628833873428,0.299041495482404,0.0316293725253466,0.593421524182882,0.161695235373224,0.0814826948937676,1.52875574624946,1.94474518006426,0.980010807291492,18.3866912475919,NA,NA,NA,NA
"Miscellaneous demersal fishes","New Zealand","New Zealand Areas LIN 6b","New Zealand ling","Genypterus blacodes","NZMFishMIDDEPTHSWG-NZLINGLIN6b-1980-2006-JENSEN",1981,2006,"None",1.575,0.4,NA,NA,NA,NA,NA,NA,NA,NA,NA,NA,NA,NA,NA,NA,NA,NA,0.282239296140523,0.163449696933239,0.487361076713619,7.18122038341184,3.56639051857986,14.4599773710886,0.506705646611034,0.374932587129208,0.684791402831638,0.183442475283681,0.0180416239626673,0.296408877671827,2.15166348528124,0.141119648070262,0.0817248484666194,0.24368053835681,0.103549350212683,0.0599672339796017,0.178805444538533,0.506705646611034,0.374932587129208,0.684791402831638,3.59061019170592,1.78319525928993,7.22998868554429,1.31734084269069,0.129560877750558,2.12857747416115,0.366884950567362,0.0360832479253346,0.592817755343654,0.303641993808522,0.187918929358038,3.08735172950986,2.93234089045332,1.81477651933176,29.8152689820714,NA,NA,NA,NA
"Miscellaneous demersal fishes","New Zealand","New Zealand Areas LIN 72","New Zealand ling","Genypterus blacodes","NZMFishMIDDEPTHSWG-NZLINGLIN72-1972-2007-JENSEN",1973,2007,"None",0.651,0.45,NA,NA,NA,NA,NA,NA,NA,NA,NA,NA,NA,NA,NA,NA,NA,NA,0.282239296140523,0.163449696933239,0.487361076713619,5.36443184217228,2.68829123721342,10.7046173386858,0.378513366832129,0.285079293494859,0.502570239718857,0.470064130426269,0.213317896254093,0.596370387029386,1.26457381534005,0.141119648070262,0.0817248484666194,0.24368053835681,0.141119648070262,0.0817248484666194,0.24368053835681,0.378513366832129,0.285079293494859,0.502570239718857,2.68221592108614,1.34414561860671,5.3523086693429,2.5216269891217,1.14432931517066,3.19918829390905,0.940128260852539,0.426635792508187,1.19274077405877,0.178456211779656,0.140660679728279,0.393243443154201,1.26457381534005,0.996747665202836,2.78659597392427,NA,NA,NA,NA
"Miscellaneous demersal fishes","New Zealand","New Zealand Areas LIN 7WC-WCSI","New Zealand ling","Genypterus blacodes","NZMFishMIDDEPTHSWG-NZLINGLIN7WC-1972-2008-JENSEN",1973,2008,"None",5.015,2.4,NA,NA,NA,NA,NA,NA,NA,NA,NA,NA,NA,NA,NA,NA,NA,NA,0.282239296140523,0.163449696933239,0.487361076713619,33.2895945384393,16.7557418767092,66.138349032107,2.34890793283312,1.78434770714102,3.09209267613352,0.378440473754501,0.209177921394739,0.548031577185957,1.34994997116394,0.141119648070262,0.0817248484666194,0.24368053835681,0.141119648070262,0.0817248484666194,0.24368053835681,2.34890793283312,1.78434770714102,3.09209267613352,16.6447972692196,8.3778709383546,33.0691745160535,12.5981299282222,6.96344818962438,18.2437489987819,0.756880947509003,0.418355842789478,1.09606315437191,0.190504464843115,0.131551908555651,0.344656833029364,1.34994997116394,0.932201223249598,2.44230224311333,NA,NA,NA,NA
"Herrings, sardines, anchovies","West Africa","West Africa","Round sardinella","Sardinella aurita","FAO-SPNWA-RSARDINWA-1990-2010-CHING",1990,2010,"None",556,540,NA,NA,NA,NA,NA,NA,NA,NA,NA,NA,NA,NA,NA,NA,NA,NA,1.19124621661236,0.957432554090967,1.48215928373209,1884.66649898657,1125.29267546849,3156.48354409088,561.275459123455,313.464043830809,1004.99609832214,0.686039016880006,0.424764661923553,0.796287923183988,0.701195135367437,0.595623108306179,0.478716277045483,0.741079641866047,0.595623108306179,0.478716277045483,0.741079641866047,561.275459123455,313.464043830809,1004.99609832214,942.333249493283,562.646337734244,1578.24177204544,1292.95475211143,800.539728280675,1500.73717237245,1.37207803376001,0.849529323847106,1.59257584636798,0.417648026056725,0.3598231655356,0.674544911293487,0.701195135367437,0.60411216508852,1.13250292321892,NA,NA,NA,NA
"Herrings, sardines, anchovies","West Africa","West Africa","Sardinella","Sardinella spp","FAO-SPNWA-SARDINWA-1990-2010-CHING",1990,2010,"None",556,540,NA,NA,NA,NA,NA,NA,NA,NA,NA,NA,NA,NA,NA,NA,NA,NA,1.19124621661236,0.957432554090967,1.48215928373209,1880.89246079332,1116.65977419832,3168.15965866506,560.151506943689,309.362735514976,1014.24533310055,0.687698437367554,0.421771899029065,0.796585864180956,0.700906710547326,0.595623108306179,0.478716277045483,0.741079641866047,0.595623108306179,0.478716277045483,0.741079641866047,560.151506943689,309.362735514976,1014.24533310055,940.44623039666,558.329887099161,1584.07982933253,1293.48680614398,793.30758505825,1498.29234631249,1.37539687473511,0.84354379805813,1.59317172836191,0.417476233568858,0.360410303989749,0.680694361393696,0.700906710547326,0.605097920083518,1.1428273213399,NA,NA,NA,NA
"Herrings, sardines, anchovies","West Africa","West Africa Zone C","European pilchard","Sardina pilchardus","FAO-SPNWA-SARDWAZC-1990-2010-CHING",1990,2010,"None",766,420,NA,NA,NA,NA,NA,NA,NA,NA,NA,NA,NA,NA,NA,NA,NA,NA,0.487970658969048,0.329311884519673,0.723069452418934,4838.65679499503,2402.12629526443,9746.61474956891,590.280636194693,263.032783020919,1324.66845183591,0.474362933490703,0.214820762793221,0.594786325731238,0.749980569696052,0.243985329484524,0.164655942259836,0.361534726209467,0.243985329484524,0.164655942259836,0.361534726209467,590.280636194693,263.032783020919,1324.66845183591,2419.32839749752,1201.06314763221,4873.30737478446,2295.27943142857,1039.44394359544,2877.96689656958,0.948725866981407,0.429641525586442,1.18957265146248,0.182984256404282,0.145936355453088,0.404062193625585,0.749980569696052,0.598135780382423,1.6560921694729,NA,NA,NA,NA
"Herrings, sardines, anchovies","European Union","22-24-IIIa","Herring","Clupea harengus","HAWG-HERR2224IIIa-1991-2011-NEUBAUER",1991,2010,"None",194.411,42.214,NA,NA,NA,NA,NA,NA,NA,NA,NA,NA,NA,NA,NA,NA,NA,NA,0.516851334491699,0.348715107859569,0.766056003726194,1431.96472977526,733.71703861575,2794.70542375424,185.028220382348,89.6960730224174,381.682733527278,0.142470541792816,0.0158686889064438,0.29220899176082,0.800688263244974,0.25842566724585,0.174357553929785,0.383028001863097,0.147272179302745,0.0993632606961862,0.218280827789021,185.028220382348,89.6960730224174,381.682733527278,715.982364887631,366.858519307875,1397.35271187712,204.012790879285,22.7234028218035,418.432969924685,0.284941083585632,0.0317373778128876,0.584417983521641,0.206918398685003,0.100885931640612,1.85773232693366,1.4050067002787,0.685030479743378,12.6142787845541,NA,NA,NA,NA
"Herrings, sardines, anchovies","European Union","Bothnian Sea","Herring","Clupea harengus","WGBFAS-HERR30-1972-2011-NEUBAUER",1973,2010,"None",75.432,71.726,NA,NA,NA,NA,NA,NA,NA,NA,NA,NA,NA,NA,NA,NA,NA,NA,0.565525438699537,0.407485471376748,0.784859938038403,389.168568886583,261.156662675519,579.928436278903,55.0211814119138,47.8599802450892,63.2538999903444,0.456643254092133,0.402918611553788,0.549903376221096,1.42738016880558,0.282762719349769,0.203742735688374,0.392429969019201,0.282762719349769,0.203742735688374,0.392429969019201,55.0211814119138,47.8599802450892,63.2538999903444,194.584284443291,130.57833133776,289.964218139451,177.711201686748,156.803259436157,214.005109949864,0.913286508184266,0.805837223107577,1.09980675244219,0.403609898077397,0.335160221252678,0.457426715859843,1.42738016880558,1.1853055523847,1.617705180201,NA,NA,NA,NA
"Herrings, sardines, anchovies","European Union","Gulf of Riga East of Gotland","Herring","Clupea harengus","WGBFAS-HERRRIGA-1976-2011-NEUBAUER",1977,2010,"None",40.803,30.174,NA,NA,NA,NA,NA,NA,NA,NA,NA,NA,NA,NA,NA,NA,NA,NA,0.565525438699537,0.407485471376748,0.784859938038403,222.374401514892,146.230612685648,338.167046837245,31.439595243064,26.2816273396098,37.6098533121644,0.411641249228579,0.215742367252707,0.581842704949712,1.16575438192349,0.282762719349769,0.203742735688374,0.392429969019201,0.282762719349769,0.203742735688374,0.392429969019201,31.439595243064,26.2816273396098,37.6098533121644,111.187200757446,73.115306342824,169.083523418623,91.5384764360479,47.9755797992268,129.386923288998,0.823282498457158,0.431484734505413,1.16368540989942,0.329631879126595,0.233207492944271,0.628944978388491,1.16575438192349,0.824746251841638,2.22428536489814,NA,NA,NA,NA
"Cods, hakes, haddocks","European Union","West of Scotland","Atlantic cod","Gadus morhua","WGCSE-CODVIa-1981-2012-CHING",1981,2011,"None",24.168,6.364,NA,NA,NA,NA,NA,NA,NA,NA,NA,NA,NA,NA,NA,NA,NA,NA,0.415821166238224,0.264808064585429,0.652953083443331,212.6215845436,122.201254014781,369.946598161447,22.1031388130846,11.7249500719618,41.6674478263891,0.0955084948092918,0.0121240240057043,0.281772804960072,1.50731570233409,0.207910583119112,0.132404032292714,0.326476541721665,0.0794289073945141,0.050582839323832,0.124725132361517,22.1031388130846,11.7249500719618,41.6674478263891,106.3107922718,61.1006270073904,184.973299080724,20.3071675037258,2.57782919513748,59.9109802719053,0.191016989618584,0.0242480480114086,0.563545609920145,0.313386886616875,0.106224267590299,2.46874386092155,3.94550166805542,1.33735023022155,31.081176134774,NA,NA,NA,NA
"Flounders, halibuts, soles","US Alaska","North Pacific","Pacific halibut","Hippoglossus stenolepis","IPHC-PHALNPAC-1888-2014-HIVELY",1888,2014,"None",33.95592,10.7456,NA,NA,NA,NA,NA,NA,NA,NA,NA,NA,NA,NA,NA,NA,NA,NA,0.259240260645891,0.138069237310893,0.486752255959972,375.915848315221,195.864829121666,721.480858244197,24.3631306245398,21.7903562405247,27.2396709478531,0.209057197012925,0.0173646062315134,0.298258085592268,1.05487854058402,0.129620130322946,0.0690346186554464,0.243376127979986,0.10839208448706,0.0577287354918552,0.203518124541419,24.3631306245398,21.7903562405247,27.2396709478531,187.957924157611,97.932414560833,360.740429122098,78.587913561516,6.52763068217916,112.119941262291,0.41811439402585,0.0347292124630269,0.596516171184536,0.136733493905379,0.0958402214541118,1.64617156257571,1.26147120938247,0.884199449689088,15.1871935147831,NA,NA,NA,NA
"Miscellaneous demersal fishes","Canada East Coast","N and SW Grand Banks","Sebastes species","Sebastes spp","NAFO-SC-REDFISHSPP3LN-1959-2008-BAUM",1959,2007,"None",79.031,1.664,NA,NA,NA,NA,NA,NA,NA,NA,NA,NA,NA,NA,NA,NA,NA,NA,0.260539707859976,0.142772903283312,0.475446935733048,338.954634677556,176.729663336249,650.090325531844,22.0777853741688,18.0419867975029,27.0163487258135,0.0508374447364409,0.011866265367519,0.0972968191112863,0.741283111655025,0.130269853929988,0.0713864516416559,0.237723467866524,0.0264903459999599,0.0145164191610532,0.048341014640878,22.0777853741688,18.0419867975029,27.0163487258135,169.477317338778,88.3648316681247,325.045162765922,17.2315875085808,4.02212564263434,32.9792077771543,0.101674889472882,0.023732530735038,0.194593638222573,0.096566842676067,0.0504560331237763,0.413711591294334,3.6453598105594,1.90469513398778,15.6174476277116,NA,NA,NA,NA
"Flounders, halibuts, soles","Canada East Coast","Grand Banks","Yellowtail flounder","Limanda ferruginea","NAFO-SC-YELL3LNO-1960-2009-BAUM",1960,2007,"None",39.259,4.623,NA,NA,NA,NA,NA,NA,NA,NA,NA,NA,NA,NA,NA,NA,NA,NA,0.3753110988514,0.286791444957211,0.491152799003683,177.715652973001,138.54265392997,227.964835490913,16.6746642500977,15.1326941923533,18.3737558110429,0.103745478623517,0.0143584871878534,0.191554241426909,1.33618816615465,0.1876555494257,0.143395722478606,0.245576399501841,0.0778736591661133,0.059506631444432,0.101909764419834,16.6746642500977,15.1326941923533,18.3737558110429,88.8578264865005,69.2713269649849,113.982417745457,18.4371954765749,2.55172792629383,34.0421870949309,0.207490957247034,0.0287169743757068,0.383108482853817,0.250743124455869,0.135802085427361,1.81171352649438,3.21987084132012,1.74387702955732,23.2647797200565,NA,NA,NA,NA
"Herrings, sardines, anchovies","South America","North-Central Peruvian coast","Peruvian anchoveta","Engraulis ringens","IMARPE-PANCHPERUNC-1959-2008-HIVELY",1959,2008,"None",11982.55,6099.152,NA,NA,NA,NA,NA,NA,NA,NA,NA,NA,NA,NA,NA,NA,NA,NA,0.927743486328553,0.723431077543891,1.18975808911505,32258.3845609916,26814.8378299388,38806.998613394,7481.87653898537,6822.46822937849,8205.0182811506,0.566536805074477,0.462884681940363,0.599105758515294,0.719450294255647,0.463871743164276,0.361715538771945,0.594879044557523,0.463871743164276,0.361715538771945,0.594879044557523,7481.87653898537,6822.46822937849,8205.0182811506,16129.1922804958,13407.4189149694,19403.499306697,18275.562126048,14931.9120774245,19326.1839508909,1.13307361014895,0.925769363880726,1.19821151703059,0.333732662116419,0.315590083148248,0.40846423206719,0.719450294255647,0.680339097603719,0.880554243896972,NA,NA,NA,NA
"Cods, hakes, haddocks","Russia Japan","Northern Sea of Okhotsk","Walleye pollock","Theragra chalcogramma","VNIRO-WPOLLNSO-1963-2012-CHING",1965,2008,"None",2007.831,678.3734,NA,NA,NA,NA,NA,NA,NA,NA,NA,NA,NA,NA,NA,NA,NA,NA,0.265802959088926,0.148897072549383,0.474496992121841,18083.6186520829,9671.45549430687,33812.6214556288,1201.66983718984,990.544876616366,1457.79401993829,0.252841217784774,0.0192290120660561,0.394476561350828,1.11636389179019,0.132901479544463,0.0744485362746913,0.23724849606092,0.132901479544463,0.0744485362746913,0.23724849606092,1201.66983718984,990.544876616366,1457.79401993829,9041.80932604144,4835.72774715344,16906.3107278144,4572.28416194809,347.730121258859,7133.56370265334,0.505682435569548,0.0384580241321122,0.788953122701655,0.148366412928931,0.0950960036633132,1.95086177045618,1.11636389179019,0.71553758460227,14.6790071648789,NA,NA,NA,NA
"Cods, hakes, haddocks","Russia Japan","Western Bering Sea","Walleye pollock","Theragra chalcogramma","VNIRO-WPOLLWBS-1970-2008-CHING",1970,2008,"None",548.6762,103.2587,NA,NA,NA,NA,NA,NA,NA,NA,NA,NA,NA,NA,NA,NA,NA,NA,0.273897864331445,0.156962241901602,0.477949595880238,3147.01702254379,1593.30326016289,6215.83874696139,215.490310372363,162.532906528414,285.702599284159,0.115137335637317,0.0144353960747833,0.289886676117251,2.08090730799859,0.136948932165723,0.0784811209508011,0.238974797940119,0.0630717406717479,0.036144428656421,0.110059686077166,215.490310372363,162.532906528414,285.702599284159,1573.50851127189,796.651630081444,3107.91937348069,362.339155180974,45.4284371745048,912.278304349627,0.230274671274634,0.0288707921495666,0.579773352234502,0.284978033766255,0.113187718602619,2.27299696891071,4.51831566294328,1.79458688466672,36.0382787077393,NA,NA,NA,NA
"Cods, hakes, haddocks","South Africa","South Africa","Shallow-water cape hake","Merluccius capensis","MARAM-CHAKESA-1917-2013-Rademeyer",1917,2013,"None",104.476,25.509,NA,NA,NA,NA,NA,NA,NA,NA,NA,NA,NA,NA,NA,NA,NA,NA,0.157237166313628,0.0971742033863114,0.254424791856046,1143.51398808449,756.280192513667,1729.02087597813,44.9507247816002,40.1834906292162,50.2835275570129,0.180048343088575,0.0160110550896867,0.297483669164593,1.57593249435541,0.0786185831568138,0.0485871016931557,0.127212395928023,0.0566205825334227,0.0349921086213151,0.0916175244286734,44.9507247816002,40.1834906292162,50.2835275570129,571.756994042243,378.140096256833,864.510437989064,205.88779885322,18.3088654590481,340.17673691641,0.36009668617715,0.0320221101793735,0.594967338329186,0.123897579857006,0.074987491006089,1.3932594598533,2.18820743823803,1.32438572071957,24.6069432265354,NA,NA,NA,NA
"Miscellaneous pelagic fishes","South Africa","South Africa South coast","Cape horse mackerel","Trachurus capensis","MARAM-CTRACSA-1949-2013-Furman",1949,2012,"None",120.65,29.71927,NA,NA,NA,NA,NA,NA,NA,NA,NA,NA,NA,NA,NA,NA,NA,NA,0.297452717321741,0.26102867807854,0.338959380606699,641.135745300032,539.221984023665,762.311359848763,47.6768924028985,43.8672772369584,51.8173502521937,0.170994703596624,0.020477839117792,0.296308518615272,1.82270986031248,0.14872635866087,0.13051433903927,0.169479690303349,0.101725678464883,0.0892690428765172,0.115920517636276,47.6768924028985,43.8672772369584,51.8173502521937,320.567872650016,269.610992011833,381.155679924381,109.63081673278,13.1290746449197,189.973982921151,0.341989407193249,0.0409556782355839,0.592617037230544,0.271085000419539,0.156438631980122,2.26362259365323,2.66486303665324,1.53784800790616,22.2522240973272,NA,NA,NA,NA
"Cods, hakes, haddocks","South Africa","South Africa","Deep-water cape hake","Merluccius paradoxus","MARAM-DEEPCHAKESA-1917-2013-Rademeyer",1942,2013,"None",217.076,130.567,NA,NA,NA,NA,NA,NA,NA,NA,NA,NA,NA,NA,NA,NA,NA,NA,0.261845668580326,0.147341832586162,0.465333930974313,1706.97598919539,945.232893479613,3082.59165311456,111.741067285358,97.6931618438396,127.809008147669,0.515576794741027,0.232955027621361,0.598181846565928,1.13317569901212,0.130922834290163,0.0736709162930809,0.232666965487157,0.130922834290163,0.0736709162930809,0.232666965487157,111.741067285358,97.6931618438396,127.809008147669,853.487994597695,472.616446739806,1541.29582655728,880.077209209253,397.648638712012,1021.0820492606,1.03115358948205,0.465910055242722,1.19636369313186,0.148358574263404,0.127871212792888,0.328347659941469,1.13317569901212,0.976691449479989,2.50794799640341,NA,NA,NA,NA
"Tunas, bonitos, billfishes","Indian Ocean","Southern Oceans","Southern bluefin tuna","Thunnus maccoyii","CCSBT-SC-SBT-1950-2011-CHING",1952,2010,"None",85.35576,9.50636,NA,NA,NA,NA,NA,NA,NA,NA,NA,NA,NA,NA,NA,NA,NA,NA,0.189664226340735,0.12516467608766,0.287401524757959,662.954741801401,407.039080277442,1079.77098753611,31.4346995506713,27.2881957088694,36.2112741488364,0.0878540331773542,0.0142724998332878,0.192308269479256,1.72112829173128,0.0948321131703676,0.0625823380438301,0.14370076237898,0.0333255344669923,0.0219924432112762,0.0504987661826159,31.4346995506713,27.2881957088694,36.2112741488364,331.477370900701,203.519540138721,539.885493768053,58.2432478813046,9.46202144183786,127.491679138895,0.175708066354708,0.0285449996665756,0.384616538958513,0.163218232942182,0.0745645524806633,1.00468594987178,4.89769288183039,2.23746006397937,30.1476320167312,NA,NA,NA,NA
"Tunas, bonitos, billfishes","Pacific Ocean","Eastern Pacific","Bigeye tuna","Thunnus obesus","IATTC-BIGEYEEPAC-1975-2011-BRANCH",1975,2010,"None",148.304,81.391,NA,NA,NA,NA,NA,NA,NA,NA,NA,NA,NA,NA,NA,NA,NA,NA,0.561299863623192,0.401368628853587,0.784958051662631,749.503664436662,502.663519469542,1117.5582099071,105.174076158345,90.9537411486942,121.617716391429,0.397491882541725,0.214025140271233,0.579843753254006,0.973440517252681,0.280649931811596,0.200684314426793,0.392479025831316,0.280649931811596,0.200684314426793,0.392479025831316,105.174076158345,90.9537411486942,121.617716391429,374.751832218331,251.331759734771,558.77910495355,297.92162254885,160.412626914859,434.595017864585,0.79498376508345,0.428050280542466,1.15968750650801,0.273196014789609,0.187280103669666,0.507385244948324,0.973440517252681,0.667308566443516,1.8078937047059,NA,NA,NA,NA
"Tunas, bonitos, billfishes","Atlantic Ocean","Northeast Pacific","Striped marlin","Kajikia audax","IATTC-STMARLINNEPAC-1954-2009-BRANCH",1954,2009,"None",6.607,1.358,NA,NA,NA,NA,NA,NA,NA,NA,NA,NA,NA,NA,NA,NA,NA,NA,0.28650479686019,0.242016348335941,0.339171296436376,39.6260367593836,33.5207200432228,46.843349045943,2.83826240303041,2.58051672816056,3.12175208187789,0.158704305412539,0.0206907530466986,0.297613573072112,1.5074000357308,0.143252398430095,0.121008174167971,0.169585648218188,0.0909390895661144,0.0768180729222695,0.107655890033611,2.83826240303041,2.58051672816056,3.12175208187789,19.8130183796918,16.7603600216114,23.4216745229715,6.28882264014974,0.819892540807809,11.793246386647,0.317408610825079,0.0413815060933973,0.595227146144224,0.215938670512048,0.115150651099565,1.65631461735463,2.37454181191309,1.26623932182484,18.2134506212585,NA,NA,NA,NA
"Tunas, bonitos, billfishes","Pacific Ocean","Northeast Pacific","Yellowfin tuna","Thunnus albacares","IATTC-YFINEPAC-1975-2011-BRANCH",1975,2010,"None",442.9065,255.923,NA,NA,NA,NA,NA,NA,NA,NA,NA,NA,NA,NA,NA,NA,NA,NA,0.565525438699537,0.407485471376748,0.784859938038403,1983.10193017874,1332.07452156498,2952.30724844008,280.373647262561,244.344885459377,321.714865983474,0.429987611118899,0.223233107120047,0.588076172366789,1.06141736463532,0.282762719349769,0.203742735688374,0.392429969019201,0.282762719349769,0.203742735688374,0.392429969019201,280.373647262561,244.344885459377,321.714865983474,991.550965089371,666.037260782491,1476.15362422004,852.709261562836,442.694005609562,1166.21499251271,0.859975222237799,0.446466214240093,1.17615234473358,0.300129260389347,0.21944753038082,0.578103603746814,1.06141736463532,0.776083674981816,2.04448310964119,NA,NA,NA,NA
"Tunas, bonitos, billfishes","Atlantic Ocean","Northern Atlantic","Albacore tuna","Thunnus alalunga","ICCAT-ALBANATL-1950-2010-CHING",1950,2010,"None",64.634,19.649,NA,NA,NA,NA,NA,NA,NA,NA,NA,NA,NA,NA,NA,NA,NA,NA,0.345590752576975,0.275098792602947,0.434145737742653,510.032186937489,417.071963438062,623.712103704784,44.0656018305517,42.1158000290912,46.105672060069,0.161854217354338,0.0142571262376883,0.291970386665263,1.37748453262408,0.172795376288487,0.137549396301474,0.217072868871327,0.111870641566485,0.0890517995437465,0.140536637200117,44.0656018305517,42.1158000290912,46.105672060069,255.016093468745,208.535981719031,311.856051852392,82.5508604422886,7.271593274452,148.914294831869,0.323708434708675,0.0285142524753765,0.583940773330526,0.23802295814635,0.131948380255802,2.70215883347529,2.1276624037674,1.17947281260012,24.1543160532371,NA,NA,NA,NA
"Tunas, bonitos, billfishes","Atlantic Ocean","Western Atlantic","Atlantic bluefin tuna","Thunnus thynnus","ICCAT-ATBTUNAWATL-1950-2010-CHING",1950,2010,"None",18.671,1.83,NA,NA,NA,NA,NA,NA,NA,NA,NA,NA,NA,NA,NA,NA,NA,NA,0.175959750577161,0.106658301326067,0.290289958102022,88.1749152504481,55.0219457798862,141.303902819552,3.87880902365779,3.31774713689949,4.53475169179686,0.0909784372428407,0.0135354021327778,0.19240590085302,2.59289078463538,0.0879798752885807,0.0533291506630336,0.145144979051011,0.0320170862503004,0.0194072111472432,0.0528202534708233,3.87880902365779,3.31774713689949,4.53475169179686,44.087457625224,27.5109728899431,70.6519514097759,8.02201599350569,1.19348293593841,16.9653740014012,0.181956874485681,0.0270708042655555,0.384811801706041,0.228122207869131,0.107866764378366,1.53332732701461,7.12501462768153,3.36903750500888,47.890907843003,NA,NA,NA,NA
"Tunas, bonitos, billfishes","Atlantic Ocean","Atlantic Ocean","White Marlin","Tetrapturus albidus","ICCAT-WMARLINATL-1956-2011-CHING",1956,2010,"None",4.906,0.434,NA,NA,NA,NA,NA,NA,NA,NA,NA,NA,NA,NA,NA,NA,NA,NA,0.327915278899589,0.225259997378556,0.477352532127975,20.9275845879681,17.1935037091678,25.4726322275449,1.71561868421457,1.5869155330783,1.85476000976349,0.0911523235362418,0.0148077475609677,0.193736610681514,1.38762214752683,0.163957639449794,0.112629998689278,0.238676266063988,0.0597804791894646,0.0410659443216463,0.087023584898747,1.71561868421457,1.5869155330783,1.85476000976349,10.4637922939841,8.5967518545839,12.7363161137724,1.90759796119454,0.309890389639429,4.05443930782363,0.182304647072484,0.0296154951219353,0.387473221363028,0.227511251756753,0.107043161100607,1.40049518962165,3.80577832164398,1.7906039321189,23.4272994899055,NA,NA,NA,NA
"Tunas, bonitos, billfishes","Indian Ocean","Indian Ocean","Bigeye tuna","Thunnus obesus","IOTC-BIGEYEIO-1950-2010-CHING",1950,2010,"None",152.2037,80.90387,NA,NA,NA,NA,NA,NA,NA,NA,NA,NA,NA,NA,NA,NA,NA,NA,0.56836014675754,0.41147788611717,0.78505617755183,801.774699046968,546.346145504868,1176.6215856393,113.924196404205,101.170425145911,128.285736741993,0.316465039609471,0.206667858543839,0.552282689097154,1.12201222040323,0.28418007337877,0.205738943058585,0.392528088775915,0.28418007337877,0.205738943058585,0.392528088775915,113.924196404205,101.170425145911,128.285736741993,400.887349523484,273.173072752434,588.310792819649,253.73366189177,165.701060086668,442.806286839721,0.632930079218941,0.413335717087679,1.10456537819431,0.318853515126067,0.182707139452345,0.488251975923896,1.12201222040323,0.642927342793748,1.71810771289769,NA,NA,NA,NA
"Tunas, bonitos, billfishes","Indian Ocean","Indian Ocean","Skipjack tuna","Katsuwonus pelamis","IOTC-SKJCIO-1950-2010-CHING",1950,2010,"None",615.5099,431.7331,NA,NA,NA,NA,NA,NA,NA,NA,NA,NA,NA,NA,NA,NA,NA,NA,0.565525438699537,0.407485471376748,0.784859938038403,3074.57667735178,2043.11237785436,4626.77523144512,434.687831068683,370.917642250889,509.421739371965,0.457023948510559,0.402843158095766,0.57458813059026,1.08659802186689,0.282762719349769,0.203742735688374,0.392429969019201,0.282762719349769,0.203742735688374,0.392429969019201,434.687831068683,370.917642250889,509.421739371965,1537.28833867589,1021.55618892718,2313.38761572256,1405.15517308179,1238.57217851198,1766.61526539597,0.914047897021118,0.805686316191533,1.14917626118052,0.30724941150316,0.244384336791764,0.34857322608254,1.08659802186689,0.864273541270721,1.23274110138744,NA,NA,NA,NA
"Tunas, bonitos, billfishes","Indian Ocean","Indian Ocean","Swordfish","Xiphias gladius","IOTC-SWORDIO-1950-2010-CHING",1950,2010,"None",37.0049,20.90791,NA,NA,NA,NA,NA,NA,NA,NA,NA,NA,NA,NA,NA,NA,NA,NA,0.282239296140523,0.163449696933239,0.487361076713619,337.193116424501,166.162731043462,684.264137030391,23.7922869607702,17.3387275456941,32.6478928359547,0.401288669761302,0.2134875569152,0.569521138809327,1.09493298532501,0.141119648070262,0.0817248484666194,0.24368053835681,0.141119648070262,0.0817248484666194,0.24368053835681,23.7922869607702,17.3387275456941,32.6478928359547,168.596558212251,83.0813655217309,342.132068515195,135.311777142656,71.9865346340896,192.038607664748,0.802577339522604,0.426975113830401,1.13904227761865,0.154516557549586,0.10887347213275,0.290441957044824,1.09493298532501,0.771497616537019,2.05812557653359,NA,NA,NA,NA
"Tunas, bonitos, billfishes","Indian Ocean","Indian Ocean","Yellowfin tuna","Thunnus albacares","IOTC-YFINEIO-1972-2009-BRANCH",1972,2009,"None",516.212,285.2291,NA,NA,NA,NA,NA,NA,NA,NA,NA,NA,NA,NA,NA,NA,NA,NA,0.565525438699537,0.407485471376748,0.784859938038403,2516.16982621554,1661.2450200215,3811.06370105212,355.739511203272,299.721757563841,422.226937609583,0.370911916326694,0.210443605808129,0.545967425111485,1.08083884758705,0.282762719349769,0.203742735688374,0.392429969019201,0.282762719349769,0.203742735688374,0.392429969019201,355.739511203272,299.721757563841,422.226937609583,1258.08491310777,830.62251001075,1905.53185052606,933.277372045009,529.511851054412,1373.74676116211,0.741823832653387,0.420887211616258,1.09193485022297,0.305620931722583,0.207628587789144,0.538664242229944,1.08083884758705,0.734285581446522,1.90500446264146,NA,NA,NA,NA
"Tunas, bonitos, billfishes","US West Coast","North Pacific Ocean","Albacore tuna","Thunnus alalunga","ISC-ALBANPAC-1952-2010-CHING",1952,2009,"None",126.5377,77.985,NA,NA,NA,NA,NA,NA,NA,NA,NA,NA,NA,NA,NA,NA,NA,NA,0.561299863623192,0.401368628853587,0.784958051662631,567.378403431752,394.281660898195,816.467730067424,79.6173551172467,73.8180790594206,85.8722323397659,0.348057082197582,0.211026235229362,0.554630290837623,1.40709318443328,0.280649931811596,0.200684314426793,0.392479025831316,0.280649931811596,0.200684314426793,0.392479025831316,79.6173551172467,73.8180790594206,85.8722323397659,283.689201715876,197.140830449098,408.233865033712,197.480071600378,119.731728426649,314.685248910339,0.696114164395164,0.422052470458725,1.10926058167525,0.39490060626376,0.247819051798706,0.651331113521642,1.40709318443328,0.883018393052989,2.32079555237123,NA,NA,NA,NA
"Tunas, bonitos, billfishes","Pacific Ocean","Pacific Ocean","Blue marlin","Makaira nigricans","ISC-BMARLINPAC-1952-2010-CHING",1952,2010,"None",37.189,20.04738,NA,NA,NA,NA,NA,NA,NA,NA,NA,NA,NA,NA,NA,NA,NA,NA,0.528612304265997,0.366456666742679,0.762521175300708,158.037378752661,111.118030498985,224.768320414394,20.8851257356507,19.0896165681398,22.8495148363497,0.56705908646201,0.429637394047086,0.598745224544415,0.846373815040365,0.264306152132999,0.183228333371339,0.381260587650354,0.264306152132999,0.183228333371339,0.381260587650354,20.8851257356507,19.0896165681398,22.8495148363497,79.0186893763307,55.5590152494924,112.384160207197,89.6165316223349,67.8987675693258,94.6241258276731,1.13411817292402,0.859274788094172,1.19749044908883,0.223701806319445,0.211863304676756,0.295253959941633,0.846373815040365,0.801582948285466,1.11709075842117,NA,NA,NA,NA
"Tunas, bonitos, billfishes","Pacific Ocean","Pacific Ocean","Pacific bluefin tuna","Thunnus orientalis","ISC-PACBTUNA-1952-2008-CHING",1952,2007,"None",36.6522,22.6823,NA,NA,NA,NA,NA,NA,NA,NA,NA,NA,NA,NA,NA,NA,NA,NA,0.273897864331445,0.156962241901602,0.477949595880238,325.128542648515,176.88577553062,597.609213785811,22.2630033661559,19.3341324126363,25.6355603811595,0.409271166476503,0.223168420546784,0.581355354074439,1.24469284563182,0.136948932165723,0.0784811209508011,0.238974797940119,0.136948932165723,0.0784811209508011,0.238974797940119,22.2630033661559,19.3341324126363,25.6355603811595,162.564271324258,88.44288776531,298.804606892905,133.065737904563,72.5584233375469,189.015219031134,0.818542332953006,0.446336841093569,1.16271070814888,0.170459356083593,0.120002506233447,0.31260739906765,1.24469284563182,0.876257334290357,2.28265671096553,NA,NA,NA,NA
"Tunas, bonitos, billfishes","Pacific Ocean","Western and Central North Pacific","Striped marlin","Kajikia audax","ISC-STMARLINWCNPAC-1951-2010-CHING",1951,2009,"None",17.778,2.56,NA,NA,NA,NA,NA,NA,NA,NA,NA,NA,NA,NA,NA,NA,NA,NA,0.364218979571523,0.229925485186724,0.576949810380487,111.587771188785,88.9775845499723,139.943455892392,10.16059603876,9.46045245033722,10.9125554411708,0.131247722732041,0.013126375938547,0.279376555955222,0.959840360536083,0.182109489785762,0.114962742593362,0.288474905190243,0.0956058232891001,0.0603543926576341,0.151446697486243,10.16059603876,9.46045245033722,10.9125554411708,55.7938855943925,44.4887922749862,69.971727946196,14.645640853272,1.46474303476855,31.1750072014421,0.262495445464081,0.026252751877094,0.558753111910444,0.174796038333008,0.0821170620253001,1.74774683288015,1.82829907551181,0.8589127649368,18.2807570998597,NA,NA,NA,NA
"Tunas, bonitos, billfishes","Pacific Ocean","North Pacific Ocean","Swordfish","Xiphias gladius","ISC-SWORDNPAC-1952-2010-CHING",1952,2010,"None",3.16952,1.88043,NA,NA,NA,NA,NA,NA,NA,NA,NA,NA,NA,NA,NA,NA,NA,NA,0.279430968221407,0.160133089521618,0.487604818182265,23.3865435553585,12.725216255404,42.9800491001022,1.63373112725649,1.4191938041739,1.88069972424971,0.327409030490214,0.207911780019063,0.485716967730927,1.75774527047721,0.139715484110704,0.0800665447608092,0.243802409091133,0.139715484110704,0.0800665447608092,0.243802409091133,1.63373112725649,1.4191938041739,1.88069972424971,11.6932717776793,6.36260812770198,21.4900245500511,7.65696555197709,4.86233789908795,11.359241021416,0.654818060980428,0.415823560038127,0.971433935461854,0.245584231408023,0.165541869958984,0.386733715144051,1.75774527047721,1.18484984690613,2.76800898343967,NA,NA,NA,NA
"Tunas, bonitos, billfishes","Pacific Ocean","South Pacific Ocean","Albacore tuna","Thunnus alalunga","SPC-ALBASPAC-1965-2007-BRANCH",1965,2007,"None",70.9723,49.2656,NA,NA,NA,NA,NA,NA,NA,NA,NA,NA,NA,NA,NA,NA,NA,NA,0.558500368874226,0.405098512788871,0.769992118423831,357.397518178189,241.084825673151,529.825905231803,49.9016614343125,44.1418213688776,56.4130735135561,0.427743878549648,0.401159415877,0.502770081523868,1.15402434934718,0.279250184437113,0.202549256394436,0.384996059211916,0.279250184437113,0.202549256394436,0.384996059211916,49.9016614343125,44.1418213688776,56.4130735135561,178.698759089094,120.542412836576,264.912952615901,152.874600609557,143.373379628252,179.688779350876,0.855487757099295,0.802318831754,1.00554016304774,0.32226151240012,0.274171821846481,0.34361748413645,1.15402434934718,0.981814291006221,1.23050047336256,NA,NA,NA,NA
"Tunas, bonitos, billfishes","Pacific Ocean","Central Western Pacific Ocean","Bigeye tuna","Thunnus obesus","SPC-BIGEYECWPAC-1952-2010-CHING",1952,2010,"None",177.8511,116.8684,NA,NA,NA,NA,NA,NA,NA,NA,NA,NA,NA,NA,NA,NA,NA,NA,0.566941021036925,0.409476813001131,0.784958051662631,984.646083378138,654.042792011746,1482.36158452228,139.559063967603,118.435476377753,164.450154051748,0.506031458160272,0.405661820042635,0.638913603825375,0.827430524920913,0.283470510518463,0.204738406500565,0.392479025831316,0.283470510518463,0.204738406500565,0.392479025831316,139.559063967603,118.435476377753,164.450154051748,492.323041689069,327.021396005873,741.18079226114,498.26189334364,399.433322281028,629.103777623667,1.01206291632054,0.811323640085271,1.27782720765075,0.234552153317891,0.185769668148315,0.292585504215333,0.827430524920913,0.655340366123255,1.03215499799326,NA,NA,NA,NA
"Tunas, bonitos, billfishes","Pacific Ocean","Western Pacific Ocean","Bigeye tuna","Thunnus obesus","SPC-BIGEYEWPO-1952-2006-JENSEN",1952,2006,"None",145.8593,107.4133,NA,NA,NA,NA,NA,NA,NA,NA,NA,NA,NA,NA,NA,NA,NA,NA,0.565525438699537,0.407485471376748,0.784859938038403,678.988851510768,460.730635530858,1000.64077559052,95.9963670306804,85.3388422302483,107.98485475378,0.425810966234489,0.40105593053806,0.513517967582623,1.31388218549731,0.282762719349769,0.203742735688374,0.392429969019201,0.282762719349769,0.203742735688374,0.392429969019201,95.9963670306804,85.3388422302483,107.98485475378,339.494425755384,230.365317765429,500.32038779526,289.120898924246,272.31250566762,348.672975039069,0.851621932468978,0.80211186107612,1.02703593516525,0.371516899676436,0.308063164310237,0.394448649123397,1.31388218549731,1.08947588642042,1.3949810994549,NA,NA,NA,NA
"Tunas, bonitos, billfishes","Pacific Ocean","Central Western Pacific Ocean","Skipjack tuna","Katsuwonus pelamis","SPC-SKJCWPAC-1950-2011-CHING",1950,2011,"None",1756.628,1540.189,NA,NA,NA,NA,NA,NA,NA,NA,NA,NA,NA,NA,NA,NA,NA,NA,0.564113390897982,0.405301112691021,0.78515431570753,8680.86375342846,5801.57906922029,12989.1180670775,1224.24787196747,1062.35645131684,1410.80976178859,0.431943791134282,0.401593255857113,0.519661877710515,1.45628852739383,0.282056695448991,0.20265055634551,0.392577157853765,0.282056695448991,0.20265055634551,0.392577157853765,1224.24787196747,1062.35645131684,1410.80976178859,4340.43187671423,2900.78953461014,6494.55903353876,3749.64519997606,3486.17633839134,4511.11395825578,0.863887582268564,0.803186511714227,1.03932375542103,0.41075592965698,0.341420991411955,0.441798936857768,1.45628852739383,1.21046937343028,1.56634798601215,NA,NA,NA,NA
"Tunas, bonitos, billfishes","Pacific Ocean","Central Western Pacific Ocean","Yellowfin tuna","Thunnus albacares","SPC-YFINCWPAC-1952-2010-CHING",1952,2010,"None",652.906,507.1,NA,NA,NA,NA,NA,NA,NA,NA,NA,NA,NA,NA,NA,NA,NA,NA,0.565525438699537,0.407485471376748,0.784859938038403,3292.19828425272,2184.44151192439,4961.71194498509,465.455469746969,396.003720846835,547.08777446353,0.460964030493906,0.402136067574831,0.571222146668842,1.18173048299348,0.282762719349769,0.203742735688374,0.392429969019201,0.282762719349769,0.203742735688374,0.392429969019201,465.455469746969,396.003720846835,547.08777446353,1646.09914212636,1092.2207559622,2480.85597249255,1517.58499029426,1323.911671706,1880.57657119032,0.921928060987812,0.804272135149662,1.14244429333768,0.334149324909753,0.269651344044465,0.383031595564491,1.18173048299348,0.953631174097298,1.35460430018956,NA,NA,NA,NA
"Flounders, halibuts, soles","US Alaska","Bering Sea and Aleutian Islands","Alaska plaice","Pleuronectes quadrituberculatus","AFSC-ALPLAICBSAI-1972-2010-STACHURA",1975,2010,"None",61.638,13.901,NA,NA,NA,NA,NA,NA,NA,NA,NA,NA,NA,NA,NA,NA,NA,NA,0.278037300453194,0.161782894495344,0.477830123415948,223.366875374296,118.589685409575,420.717542526239,15.5260807599336,12.9733195748484,18.5811489783482,0.222526900447315,0.0204866068486836,0.296775250133333,2.01173924445857,0.139018650226597,0.0808914472476722,0.238915061707974,0.123741557357176,0.0720020921148879,0.212660112608218,15.5260807599336,12.9733195748484,18.5811489783482,111.683437687148,59.2948427047873,210.35877126312,49.7051384396437,4.5760293588121,66.2897603107075,0.44505380089463,0.0409732136973672,0.593550500266665,0.279669274372504,0.209700562120672,3.03778645415173,2.2601079244966,1.69466561274462,24.5494441724477,NA,NA,NA,NA
"Flounders, halibuts, soles","US Alaska","Bering Sea and Aleutian Islands","Arrowtooth flounder","Atheresthes stomias","AFSC-ARFLOUNDBSAI-1970-2010-STACHURA",1970,2009,"None",24.668,16.702,NA,NA,NA,NA,NA,NA,NA,NA,NA,NA,NA,NA,NA,NA,NA,NA,0.273897864331445,0.158262536738391,0.474022732299152,225.552799850228,108.815306595023,467.526739685759,15.444607543239,10.5977474374641,22.5081701156064,0.467468463594117,0.23286572597143,0.595889125936716,1.15666951307598,0.136948932165723,0.0791312683691954,0.237011366149576,0.136948932165723,0.0791312683691954,0.237011366149576,15.444607543239,10.5977474374641,22.5081701156064,112.776399925114,54.4076532975114,233.763369842879,105.438820805338,52.5235164820121,134.404460755332,0.934936927188234,0.46573145194286,1.19177825187343,0.158404654684402,0.124266708903391,0.317990894720843,1.15666951307598,0.90739450785213,2.32196695287876,NA,NA,NA,NA
"Flounders, halibuts, soles","US Alaska","Gulf of Alaska","Arrowtooth flounder","Atheresthes stomias","AFSC-ARFLOUNDGA-1958-2010-STACHURA",1964,2010,"None",29.994,22.3,NA,NA,NA,NA,NA,NA,NA,NA,NA,NA,NA,NA,NA,NA,NA,NA,0.279430968221407,0.160133089521618,0.487604818182265,250.767283983801,127.818440450861,491.980894891199,17.5180362404615,13.9236455351885,22.0403193220163,0.451884282106289,0.40262329341789,0.52445760581649,1.40851738387548,0.139715484110704,0.0800665447608092,0.243802409091133,0.139715484110704,0.0800665447608092,0.243802409091133,17.5180362404615,13.9236455351885,22.0403193220163,125.3836419919,63.9092202254305,245.9904474456,113.317794098764,100.964749759017,131.516809375248,0.903768564212578,0.805246586835781,1.04891521163298,0.196791688166504,0.169560074532929,0.220869165260407,1.40851738387548,1.21360975565584,1.58084958633075,NA,NA,NA,NA
"Miscellaneous coastal fishes","US Alaska","Bering Sea and Aleutian Islands","Atka mackerel","Pleurogrammus monopterygius","AFSC-ATKABSAI-1976-2011-STACHURA",1977,2009,"None",103.867,72.806,NA,NA,NA,NA,NA,NA,NA,NA,NA,NA,NA,NA,NA,NA,NA,NA,0.565525438699537,0.407485471376748,0.784859938038403,410.107749364872,270.093897450889,622.703317907071,57.9815912184122,48.6144618027489,69.1535974183912,0.49066290398488,0.220764325672529,0.596268355950672,1.27956932740229,0.282762719349769,0.203742735688374,0.392429969019201,0.282762719349769,0.203742735688374,0.392429969019201,57.9815912184122,48.6144618027489,69.1535974183912,205.053874682436,135.046948725445,311.351658953535,201.224659250072,90.5371607416147,244.534273476422,0.981325807969761,0.441528651345059,1.19253671190134,0.361814502612826,0.297733315518325,0.804155988586632,1.27956932740229,1.05294402389036,2.84392507766173,NA,NA,NA,NA
"Flounders, halibuts, soles","US Alaska","Gulf of Alaska","Dover sole","Microstomus pacificus","AFSC-DSOLEGA-1978-2009-STACHURA",1978,2009,"None",9.741,0.458,NA,NA,NA,NA,NA,NA,NA,NA,NA,NA,NA,NA,NA,NA,NA,NA,0.269820056384687,0.149269780922103,0.487726734625731,30.9610647742611,15.5853717110169,61.5055931760928,2.08847906078027,1.54313588178031,2.82654615113059,0.086020625732091,0.0134483417604625,0.191088953828953,1.27468466062243,0.134910028192343,0.0746348904610515,0.243863367312866,0.0464201801705577,0.0256805599156229,0.0839091177975498,2.08847906078027,1.54313588178031,2.82654615113059,15.4805323871306,7.79268585550847,30.7527965880464,2.66329016521374,0.416374980352079,5.916317477144,0.172041251464182,0.0268966835209249,0.382177907657906,0.17196774350092,0.0774130194617432,1.09997003089072,3.70459017757091,1.66765874620286,23.6959448853752,NA,NA,NA,NA
"Miscellaneous demersal fishes","US Alaska","Gulf of Alaska","Dusky rockfish","Sebastes variabilis","AFSC-DUSROCKGA-1973-2010-STACHURA",1977,2010,"None",4.538,2.855,NA,NA,NA,NA,NA,NA,NA,NA,NA,NA,NA,NA,NA,NA,NA,NA,0.0620385073773583,0.039696192606757,0.0969558072165191,502.714126032037,118.762575123843,2127.95564805346,7.79690850413509,1.10604705558435,54.9631066010443,0.691831884056878,0.459231079322299,0.796656647046654,0.264638548501929,0.0310192536886791,0.0198480963033785,0.0484779036082595,0.0310192536886791,0.0198480963033785,0.0484779036082595,7.79690850413509,1.10604705558435,54.9631066010443,251.357063016019,59.3812875619216,1063.97782402673,347.793660954751,230.861950688259,400.490550067672,1.38366376811376,0.918462158644597,1.59331329409331,0.00820889027178514,0.0071287574688531,0.0123666978966803,0.264638548501929,0.229817181947702,0.398678124909036,NA,NA,NA,NA
"Flounders, halibuts, soles","US Alaska","Bering Sea and Aleutian Islands","Flathead sole","Hippoglossoides elassodon","AFSC-FLSOLEBSAI-1974-2010-STACHURA",1977,2010,"None",24.597,18.544,NA,NA,NA,NA,NA,NA,NA,NA,NA,NA,NA,NA,NA,NA,NA,NA,0.565525438699537,0.407485471376748,0.784859938038403,163.081569797157,92.6757557712654,286.97471292434,23.0566940758366,14.4784985051216,36.7172840138547,0.704634233698582,0.426938359970762,0.797501909747105,0.570706273745347,0.282762719349769,0.203742735688374,0.392429969019201,0.282762719349769,0.203742735688374,0.392429969019201,23.0566940758366,14.4784985051216,36.7172840138547,81.5407848985787,46.3378778856327,143.48735646217,114.912856964382,69.6257779506558,130.057863357789,1.40926846739716,0.853876719941524,1.59500381949421,0.161374457914208,0.142582689898461,0.266338137193128,0.570706273745347,0.504248545304484,0.941913905077691,NA,NA,NA,NA
"Flounders, halibuts, soles","US Alaska","Gulf of Alaska","Flathead sole","Hippoglossoides elassodon","AFSC-FLSOLEGA-1978-2010-STACHURA",1978,2010,"None",3.778,3.778,NA,NA,NA,NA,NA,NA,NA,NA,NA,NA,NA,NA,NA,NA,NA,NA,0.565525438699537,0.407485471376748,0.784859938038403,23.7842925779788,12.7915581383679,44.2238988648398,3.36265562357992,1.89543945832357,5.96561013496817,0.682023570645376,0.416254953600917,0.797109131238149,0.823664183225451,0.282762719349769,0.203742735688374,0.392429969019201,0.282762719349769,0.203742735688374,0.392429969019201,3.36265562357992,1.89543945832357,5.96561013496817,11.8921462889894,6.39577906918393,22.1119494324199,16.2214481493074,9.90032960347721,18.9586767939467,1.36404714129075,0.832509907201834,1.5942182624763,0.232901524279835,0.199275510683651,0.381603456785225,0.823664183225451,0.704744639399062,1.34955363869306,NA,NA,NA,NA
"Flounders, halibuts, soles","US Alaska","Bering Sea and Aleutian Islands","Greenland halibut","Reinhardtius hippoglossoides","AFSC-GHALBSAI-1960-2009-STANTON",1977,2008,"None",57.321,2.541,NA,NA,NA,NA,NA,NA,NA,NA,NA,NA,NA,NA,NA,NA,NA,NA,0.225372655539439,0.124930212198582,0.406569659740599,654.368001795024,278.594239073296,1536.99331040566,36.8691635661451,17.5438780144157,77.4820265479617,0.0419687399827971,0.0114910536474947,0.0949497319617898,0.821079962141367,0.112686327769719,0.0624651060992912,0.2032848298703,0.0189172127591344,0.0104863271835159,0.034126432669095,36.8691635661451,17.5438780144157,77.4820265479617,327.184000897512,139.297119536648,768.496655202832,27.4630005203979,7.51937781383052,62.1320663748095,0.0839374799655942,0.0229821072949894,0.18989946392358,0.0925244857390109,0.0408967566710482,0.337926895404337,4.89102104612818,2.1618806740597,17.8634611613788,NA,NA,NA,NA
"Miscellaneous demersal fishes","US Alaska","Bering Sea and Aleutian Islands","Northern rockfish","Sebastes polyspinis","AFSC-NROCKBSAI-1974-2011-STACHURA",1977,2009,"None",6.811,3.111,NA,NA,NA,NA,NA,NA,NA,NA,NA,NA,NA,NA,NA,NA,NA,NA,0.0620385073773583,0.039696192606757,0.0969558072165191,292.718868234963,101.550745399083,843.758807323648,4.53996041662166,1.36765336923266,15.0705149770923,0.524230352441431,0.306710219854963,0.597922664163091,0.653575534213277,0.0310192536886791,0.0198480963033785,0.0484779036082595,0.0310192536886791,0.0198480963033785,0.0484779036082595,4.53996041662166,1.36765336923266,15.0705149770923,146.359434117482,50.7753726995416,421.879403661824,153.452115461072,89.7798684320415,175.023245545854,1.04846070488286,0.613420439709926,1.19584532832618,0.0202734253004756,0.017774781802826,0.0346514207954633,0.653575534213277,0.573024160452744,1.11709395536198,NA,NA,NA,NA
"Miscellaneous demersal fishes","US Alaska","Gulf of Alaska","Northern rockfish","Sebastes polyspinis","AFSC-NROCKGA-1959-2010-STACHURA",1961,2010,"None",17.43,3.579,NA,NA,NA,NA,NA,NA,NA,NA,NA,NA,NA,NA,NA,NA,NA,NA,0.0620385073773583,0.039696192606757,0.0969558072165191,287.802079361765,121.115388331098,683.893583022827,4.46370285592599,1.96340697969946,10.1479944769534,0.17688184321633,0.016026475121186,0.295271259010026,2.26648668041962,0.0310192536886791,0.0198480963033785,0.0484779036082595,0.0219469710705941,0.0140430714339073,0.0342994437819702,4.46370285592599,1.96340697969946,10.1479944769534,143.901039680883,60.5576941655492,341.946791511414,50.9069622790017,4.61245286471693,84.9796823188518,0.353763686432661,0.032052950242372,0.590542518020051,0.0703047253219483,0.0421159493933062,0.775942888734461,3.20339080485448,1.91898687330644,35.3553520546677,NA,NA,NA,NA
"Flounders, halibuts, soles","US Alaska","Eastern Bering Sea and Aleutian Islands","Northern rock sole","Lepidopsetta polyxystra","AFSC-NRSOLEEBSAI-1975-2012-HIVELY",1977,2012,"None",86.366,74.4,NA,NA,NA,NA,NA,NA,NA,NA,NA,NA,NA,NA,NA,NA,NA,NA,0.278037300453194,0.161782894495344,0.477830123415948,804.987034170318,378.671830586902,1711.25516302067,55.9541054701349,36.8820732199544,84.8884470320144,0.700777781889491,0.422518187411533,0.796801955641685,0.948703840441684,0.139018650226597,0.0808914472476722,0.238915061707974,0.139018650226597,0.0808914472476722,0.238915061707974,55.9541054701349,36.8820732199544,84.8884470320144,402.493517085159,189.335915293451,855.627581510336,564.117028255675,340.121662567428,641.415243093109,1.40155556377898,0.845036374823065,1.59360391128337,0.131887527362992,0.115993501559488,0.218745255560576,0.948703840441684,0.834373671233475,1.57349575185794,NA,NA,NA,NA
"Cods, hakes, haddocks","US Alaska","Bering Sea and Aleutian Islands","Pacific cod","Gadus macrocephalus","AFSC-PCODBSAI-1964-2013-CHING",1964,2012,"None",257.765,212.17,NA,NA,NA,NA,NA,NA,NA,NA,NA,NA,NA,NA,NA,NA,NA,NA,0.279430968221407,0.160173127798575,0.4874829322141,2488.96429297809,1114.6529517947,5557.7327828769,173.873425563845,147.892164276654,204.41899856677,0.450753560444169,0.402307603350116,0.58012926944927,1.35357275566035,0.139715484110704,0.0800865638992874,0.24374146610705,0.139715484110704,0.0800865638992874,0.24374146610705,173.873425563845,147.892164276654,204.41899856677,1244.48214648904,557.32647589735,2778.86639143845,1121.90951687828,1001.32925953203,1443.9210369707,0.901507120888338,0.804615206700232,1.16025853889854,0.189115072836146,0.146940168172303,0.211888345397155,1.35357275566035,1.05170997407757,1.51657024091378,NA,NA,NA,NA
"Cods, hakes, haddocks","US Alaska","Gulf of Alaska","Pacific cod","Gadus macrocephalus","AFSC-PCODGA-1977-2014-HIVELY",1980,2013,"None",84.841,60.073,NA,NA,NA,NA,NA,NA,NA,NA,NA,NA,NA,NA,NA,NA,NA,NA,0.282239296140523,0.163449696933239,0.487361076713619,1095.14673203002,495.253755625097,2421.68050429472,77.2733607046861,47.5887065667872,125.474565403799,0.705440971998816,0.424728976701279,0.797691176976794,0.551009193028712,0.141119648070262,0.0817248484666194,0.24368053835681,0.141119648070262,0.0817248484666194,0.24368053835681,77.2733607046861,47.5887065667872,125.474565403799,547.573366015011,247.626877812549,1210.84025214736,772.561375124586,465.140550832861,873.588885635318,1.41088194399763,0.849457953402559,1.59538235395359,0.0777582234036906,0.0687657558238185,0.129150210387883,0.551009193028712,0.487286899904831,0.915182344584513,NA,NA,NA,NA
"Miscellaneous demersal fishes","US Alaska","Eastern Bering Sea and Aleutian Islands","Pacific ocean perch","Sebastes alutus","AFSC-PERCHEBSAI-1960-2011-STACHURA",1977,2009,"None",20.903,15.347,NA,NA,NA,NA,NA,NA,NA,NA,NA,NA,NA,NA,NA,NA,NA,NA,0.0620385073773583,0.039696192606757,0.0969558072165191,2361.53367797239,572.14920217064,9747.18009050819,36.6265061256924,5.45910774116358,245.736302447375,0.708727749918093,0.455380328893057,0.797384477458652,0.295609622826433,0.0310192536886791,0.0198480963033785,0.0484779036082595,0.0310192536886791,0.0198480963033785,0.0484779036082595,36.6265061256924,5.45910774116358,245.736302447375,1180.7668389862,286.07460108532,4873.59004525409,1673.68444994517,1075.3959829671,1883.05029781102,1.41745549983619,0.910760657786115,1.5947689549173,0.00916958988326788,0.00815007438613845,0.0142710222495499,0.295609622826433,0.262742439516297,0.460069813180523,NA,NA,NA,NA
"Miscellaneous demersal fishes","US Alaska","Gulf of Alaska","Pacific ocean perch","Sebastes alutus","AFSC-POPERCHGA-1959-2010-STACHURA",1961,2010,"None",348.6,14.522,NA,NA,NA,NA,NA,NA,NA,NA,NA,NA,NA,NA,NA,NA,NA,NA,0.0620385073773583,0.039696192606757,0.0969558072165191,4793.40643710217,1986.99727899178,11563.5514523257,74.3439451527112,31.7481183928725,174.089755886451,0.0811900807386932,0.0124280972310967,0.194022557555955,1.20295078455379,0.0310192536886791,0.0198480963033785,0.0484779036082595,0.0100738228457515,0.00644587416552263,0.0157436996319887,74.3439451527112,31.7481183928725,174.089755886451,2396.70321855109,993.498639495891,5781.77572616283,389.177055641697,59.5729212684705,930.028976331743,0.162380161477386,0.0248561944621933,0.388045115111911,0.0373146355610695,0.0156145672549669,0.243768472164649,3.70411869777982,1.55001408045925,24.1982091503085,NA,NA,NA,NA
"Miscellaneous demersal fishes","US Alaska","Bering Sea and Aleutian Islands","Rougheye rockfish","Sebastes aleutianus","AFSC-REYEROCKBSAI-1974-2011-STACHURA",1977,2009,"None",3.553,0.209,NA,NA,NA,NA,NA,NA,NA,NA,NA,NA,NA,NA,NA,NA,NA,NA,0.0620385073773583,0.039696192606757,0.0969558072165191,47.8223834851636,19.4494341374455,117.585958853116,0.741707322661796,0.30512761538971,1.80294973231939,0.0976356284742937,0.0128965708498062,0.195935826511856,1.44303012502337,0.0310192536886791,0.0198480963033785,0.0484779036082595,0.012114337314791,0.00775152542639465,0.0189326823436346,0.741707322661796,0.30512761538971,1.80294973231939,23.9111917425818,9.72471706872276,58.7929794265579,4.66916846671263,0.616744756823016,9.37011823393249,0.195271256948587,0.0257931416996125,0.391871653023713,0.0447617175285063,0.0223049480040858,0.33887600614005,3.69493735937621,1.84120248796875,27.9731360729324,NA,NA,NA,NA
"Miscellaneous demersal fishes","US Alaska","Gulf of Alaska","Rougheye rockfish","Sebastes aleutianus","AFSC-REYEROCKGA-1974-2010-STACHURA",1977,2010,"None",2.418,0.445,NA,NA,NA,NA,NA,NA,NA,NA,NA,NA,NA,NA,NA,NA,NA,NA,0.0620385073773583,0.039696192606757,0.0969558072165191,57.6757248186386,22.8930479781972,145.30565071647,0.8945289699139,0.35086138663389,2.28062166000097,0.153591863636294,0.0143703347690172,0.296414613043965,1.6194494458781,0.0310192536886791,0.0198480963033785,0.0484779036082595,0.0190572199306049,0.0121940244034742,0.0297832462414929,0.8945289699139,0.35086138663389,2.28062166000097,28.8378624093193,11.4465239890986,72.6528253582351,8.85852206146878,0.828819473689549,17.095927654147,0.307183727272589,0.0287406695380344,0.592829226087931,0.0502341131976836,0.0260295907307525,0.536908234092342,2.63596229568669,1.36586505406018,28.1734815491159,NA,NA,NA,NA
